Time_spent_Alone,Stage_fear,Social_event_attendance,Going_outside,Drained_after_socializing,Friends_circle_size,Post_frequency,Personality
4.0,No,4.0,6.0,No,13.0,5.0,0
9.0,Yes,0.0,0.0,Yes,0.0,3.0,1
9.0,Yes,1.0,2.0,Yes,5.0,2.0,1
0.0,No,6.0,7.0,No,14.0,8.0,0
3.0,No,9.0,4.0,No,8.0,5.0,0
1.0,No,7.0,5.0,No,6.0,6.0,0
4.0,No,9.0,3.0,No,7.0,7.0,0
2.0,No,8.0,4.0,No,7.0,8.0,0
10.0,Yes,1.0,3.0,Yes,0.0,3.0,1
0.0,No,8.0,6.0,No,13.0,8.0,0
3.0,No,9.0,6.0,No,15.0,5.0,0
10.0,Yes,3.0,1.0,Yes,4.0,0.0,1
3.0,No,6.0,7.0,No,14.0,10.0,0
3.0,No,6.0,4.0,No,10.0,7.0,0
6.0,Yes,3.0,0.0,Yes,1.0,3.0,1
0.0,No,4.0,4.0,No,8.0,8.0,0
9.0,Yes,0.0,0.0,Yes,0.0,0.0,1
1.0,No,5.0,6.0,No,10.0,4.0,0
5.0,Yes,3.0,0.0,Yes,4.0,2.0,1
1.0,No,7.0,5.0,No,12.0,5.0,0
10.0,Yes,3.0,1.0,Yes,2.0,1.0,1
2.0,No,8.0,4.0,No,13.0,6.0,0
1.0,No,6.0,7.0,No,14.0,9.0,0
9.0,Yes,2.0,2.0,Yes,1.0,0.0,1
2.0,No,8.0,7.0,No,15.0,6.0,0
2.0,No,8.0,4.0,No,11.0,9.0,0
0.0,No,6.0,4.0,No,14.0,9.0,0
4.0,No,5.0,7.0,No,6.0,6.0,0
2.0,No,6.0,4.0,No,12.0,10.0,0
0.0,No,9.0,4.0,No,14.0,7.0,0
4.0,No,10.0,4.0,No,9.0,10.0,0
4.0,No,7.0,7.0,No,7.0,9.0,0
5.0,Yes,3.0,3.0,Yes,0.0,1.0,1
8.0,Yes,3.0,3.0,No,2.0,0.0,1
10.0,Yes,1.0,1.0,Yes,3.0,2.0,1
2.0,No,6.0,5.0,No,14.0,9.0,0
1.0,No,4.0,4.0,No,15.0,4.0,0
1.0,No,6.0,4.0,No,10.0,5.0,0
10.0,Yes,1.0,2.0,Yes,2.0,0.0,1
5.0,Yes,0.0,1.0,Yes,5.0,0.0,1
3.0,No,5.0,5.0,No,13.0,5.0,0
1.0,No,4.0,5.0,No,6.268862911795962,10.0,0
9.0,Yes,1.0,3.0,Yes,2.0,2.0,1
6.0,Yes,2.0,2.0,Yes,2.0,1.0,1
8.0,Yes,2.0,1.0,Yes,5.0,3.0,1
0.0,No,8.0,6.0,No,6.0,10.0,0
4.0,No,7.0,4.0,No,13.0,10.0,0
10.0,Yes,1.0,2.0,Yes,2.0,0.0,1
5.0,Yes,1.0,3.0,Yes,3.0,3.0,1
1.0,No,5.0,6.0,No,8.0,10.0,0
6.0,Yes,1.0,0.0,Yes,3.0,1.0,1
0.0,No,7.0,4.0,No,10.0,10.0,0
9.0,Yes,0.0,2.0,Yes,3.0,2.0,1
8.0,Yes,3.0,1.0,Yes,1.0,2.0,1
6.0,Yes,3.0,3.0,Yes,4.0,3.0,1
3.0,No,10.0,4.0,No,10.0,5.0,0
9.0,Yes,3.0,2.0,Yes,4.0,3.0,1
2.0,No,10.0,6.0,No,10.0,9.0,0
2.0,No,5.0,7.0,No,10.0,5.0,0
4.505816002819881,No,9.0,4.0,No,7.0,5.0,0
1.0,No,9.0,5.0,No,9.0,10.0,0
9.0,Yes,2.0,3.0,Yes,4.0,2.0,1
7.0,Yes,3.0,1.0,Yes,2.0,3.0,1
2.0,No,7.0,5.0,No,7.0,9.0,0
3.0,No,5.0,6.0,No,6.0,5.0,0
10.0,Yes,3.0,1.0,Yes,0.0,2.0,1
0.0,No,10.0,6.0,No,6.0,4.0,0
5.0,Yes,1.0,3.0,Yes,4.0,3.0,1
0.0,No,4.0,6.0,No,6.0,5.0,0
7.0,Yes,3.0,2.0,Yes,1.0,2.0,1
8.0,Yes,3.0,3.0,Yes,4.0,0.0,1
1.0,No,3.963354474982382,5.0,No,11.0,8.0,0
2.0,No,10.0,5.0,No,12.0,5.0,0
8.0,Yes,0.0,1.0,Yes,0.0,2.0,1
10.0,Yes,2.0,0.0,Yes,3.0,1.0,1
7.0,Yes,3.0,3.0,Yes,2.0,0.0,1
6.0,Yes,1.0,2.0,Yes,5.0,0.0,1
0.0,No,5.0,4.0,No,9.0,10.0,0
8.0,Yes,0.0,1.0,Yes,5.0,0.0,1
4.0,No,9.0,6.0,No,11.0,6.0,0
5.0,Yes,2.0,0.0,Yes,2.0,0.0,1
1.0,No,8.0,4.0,No,11.0,10.0,0
0.0,No,5.0,6.0,No,9.0,7.0,0
7.0,Yes,1.0,0.0,No,3.0,1.0,1
4.0,No,4.0,7.0,No,6.0,8.0,0
3.0,No,4.0,4.0,No,12.0,5.0,0
4.0,No,9.0,4.0,No,8.0,10.0,0
0.0,No,6.0,5.0,No,11.0,8.0,0
1.0,No,4.0,6.0,No,15.0,8.0,0
3.0,No,7.0,6.0,No,6.268862911795962,9.0,0
5.0,Yes,1.0,3.0,Yes,4.0,0.0,1
0.0,No,7.0,6.0,No,10.0,4.0,0
9.0,Yes,1.0,1.0,Yes,1.0,3.0,1
3.0,No,5.0,5.0,No,8.0,5.0,0
1.0,No,8.0,6.0,No,9.0,6.0,0
3.0,No,7.0,6.0,No,11.0,10.0,0
1.0,No,5.0,3.0,No,10.0,9.0,0
3.0,No,10.0,6.0,No,14.0,7.0,0
4.0,No,10.0,7.0,No,8.0,10.0,0
8.0,Yes,1.0,0.0,Yes,4.0,2.0,1
5.0,Yes,2.0,2.0,Yes,0.0,3.0,1
1.0,No,3.963354474982382,6.0,No,8.0,8.0,0
0.0,No,4.0,7.0,No,13.0,4.0,0
5.0,Yes,1.0,3.0,Yes,5.0,2.0,1
7.0,Yes,1.0,2.0,Yes,3.0,3.0,1
0.0,No,6.0,7.0,No,12.0,9.0,0
0.0,No,4.0,6.0,No,13.0,5.0,0
0.0,No,6.0,7.0,No,9.0,4.0,0
3.0,No,4.0,5.0,No,10.0,6.0,0
9.0,Yes,0.0,3.0,Yes,1.0,0.0,1
3.0,No,6.0,7.0,No,15.0,5.0,0
4.0,No,9.0,7.0,No,13.0,5.0,0
1.0,No,7.0,7.0,No,9.0,5.0,0
7.0,Yes,0.0,3.0,Yes,1.0,0.0,1
3.0,No,6.0,4.0,No,8.0,10.0,0
4.0,No,5.0,5.0,No,15.0,8.0,0
1.0,No,7.0,5.0,No,6.0,9.0,0
5.0,Yes,0.0,2.0,Yes,0.0,2.0,1
10.0,Yes,0.0,3.0,Yes,0.0,1.0,1
3.0,No,8.0,4.0,No,12.0,4.0,0
6.0,Yes,1.0,2.0,Yes,5.0,1.0,1
10.0,Yes,2.0,3.0,Yes,2.0,2.0,1
3.0,No,5.0,7.0,No,8.0,4.0,0
7.0,Yes,2.0,3.0,Yes,1.0,2.0,1
3.0,No,6.0,6.0,No,10.0,7.0,0
4.505816002819881,Yes,3.0,0.0,Yes,2.0,1.0,1
4.0,No,9.0,7.0,No,10.0,5.0,0
4.0,No,4.0,7.0,No,15.0,8.0,0
10.0,Yes,0.0,1.0,Yes,5.0,3.0,1
4.0,No,7.0,6.0,No,7.0,9.0,0
3.0,No,5.0,7.0,No,13.0,7.0,0
5.0,Yes,3.963354474982382,0.0,Yes,2.0,2.0,1
8.0,Yes,1.0,1.0,Yes,2.0,3.0,1
4.0,No,9.0,5.0,No,10.0,7.0,0
2.0,No,10.0,6.0,No,11.0,8.0,0
6.0,Yes,0.0,1.0,Yes,1.0,1.0,1
10.0,Yes,2.0,1.0,Yes,5.0,3.0,1
9.0,Yes,3.0,2.0,Yes,3.0,2.0,1
6.0,Yes,3.0,2.0,Yes,1.0,1.0,1
4.0,No,10.0,4.0,No,9.0,8.0,0
2.0,No,10.0,7.0,No,6.0,4.0,0
10.0,Yes,3.0,3.0,Yes,5.0,3.0,1
3.0,No,7.0,5.0,No,6.0,9.0,0
2.0,No,10.0,6.0,No,12.0,5.0,0
3.0,No,5.0,6.0,No,8.0,6.0,0
3.0,No,6.0,7.0,No,15.0,9.0,0
9.0,Yes,1.0,0.0,Yes,0.0,0.0,1
5.0,Yes,0.0,3.0,Yes,4.0,3.0,1
0.0,No,6.0,7.0,No,8.0,7.0,0
1.0,No,4.0,7.0,No,10.0,7.0,0
7.0,Yes,2.0,2.0,Yes,3.0,2.0,1
2.0,No,6.0,4.0,No,13.0,5.0,0
4.0,No,5.0,7.0,No,13.0,8.0,0
9.0,Yes,2.0,3.0,Yes,0.0,1.0,1
4.0,No,8.0,7.0,No,11.0,7.0,0
8.0,Yes,1.0,2.0,Yes,3.0,3.0,1
5.0,Yes,3.0,1.0,Yes,2.0,1.0,1
2.0,No,6.0,7.0,No,11.0,10.0,0
2.0,No,10.0,4.0,No,11.0,10.0,0
2.0,No,9.0,5.0,No,8.0,10.0,0
5.0,Yes,2.0,2.0,Yes,1.0,2.0,1
6.0,Yes,3.0,0.0,Yes,5.0,0.0,1
3.0,No,10.0,5.0,No,14.0,4.0,0
6.0,Yes,3.0,3.0,Yes,1.0,0.0,1
6.0,Yes,1.0,3.0,Yes,1.0,3.0,1
0.0,No,7.0,7.0,No,9.0,8.0,0
10.0,Yes,0.0,3.0,Yes,4.0,3.0,1
9.0,Yes,2.0,2.0,Yes,1.0,1.0,1
1.0,No,5.0,7.0,No,9.0,7.0,0
6.0,Yes,1.0,3.0,Yes,3.0,3.0,1
1.0,No,8.0,4.0,No,10.0,8.0,0
4.505816002819881,No,4.0,7.0,No,7.0,5.0,0
3.0,No,6.0,6.0,No,13.0,9.0,0
6.0,Yes,1.0,3.0,Yes,0.0,2.0,1
1.0,No,5.0,5.0,No,15.0,5.0,0
8.0,Yes,2.0,2.0,Yes,1.0,1.0,1
1.0,No,9.0,4.0,No,13.0,6.0,0
2.0,No,8.0,6.0,No,13.0,10.0,0
2.0,No,9.0,7.0,No,13.0,10.0,0
2.0,No,6.0,7.0,No,8.0,9.0,0
4.505816002819881,No,8.0,5.0,No,9.0,4.0,0
3.0,No,8.0,4.0,No,7.0,4.0,0
6.0,Yes,0.0,0.0,Yes,2.0,3.0,1
7.0,Yes,0.0,2.0,Yes,3.0,2.0,1
3.0,No,8.0,7.0,No,7.0,10.0,0
10.0,Yes,1.0,0.0,Yes,0.0,3.0,1
9.0,Yes,2.0,0.0,Yes,2.0,1.0,1
10.0,Yes,0.0,1.0,Yes,1.0,1.0,1
7.0,Yes,2.0,1.0,Yes,1.0,2.0,1
2.0,No,10.0,7.0,No,10.0,4.0,0
4.0,No,8.0,7.0,No,6.0,10.0,0
3.0,No,8.0,4.0,No,9.0,7.0,0
0.0,No,5.0,6.0,No,9.0,4.0,0
9.0,Yes,2.0,3.0,Yes,2.0,1.0,1
8.0,Yes,0.0,0.0,Yes,1.0,2.0,1
1.0,No,6.0,7.0,No,13.0,10.0,0
6.0,Yes,3.0,2.0,Yes,3.0,1.0,1
6.0,Yes,2.0,2.0,Yes,1.0,1.0,1
10.0,Yes,0.0,0.0,Yes,3.0,0.0,1
3.0,No,6.0,3.0,No,10.0,6.0,0
7.0,Yes,0.0,2.0,Yes,3.0,0.0,1
8.0,Yes,2.0,1.0,Yes,3.0,2.0,1
6.0,Yes,2.0,0.0,Yes,3.0,1.0,1
8.0,Yes,1.0,1.0,Yes,2.0,1.0,1
7.0,Yes,0.0,0.0,Yes,2.0,1.0,1
8.0,No,0.0,3.0,Yes,3.0,2.0,1
5.0,Yes,2.0,1.0,Yes,2.0,2.0,1
4.505816002819881,Yes,2.0,2.0,Yes,1.0,2.0,1
8.0,Yes,2.0,2.0,Yes,1.0,0.0,1
5.0,Yes,0.0,1.0,Yes,2.0,1.0,1
4.0,Yes,1.0,0.0,Yes,2.0,2.0,1
7.0,Yes,2.0,0.0,Yes,3.0,2.0,1
9.0,Yes,0.0,1.0,Yes,2.0,1.0,1
9.0,Yes,1.0,1.0,Yes,2.0,0.0,1
5.0,Yes,1.0,1.0,Yes,2.0,1.0,1
7.0,Yes,1.0,2.0,Yes,3.0,1.0,1
7.0,Yes,0.0,1.0,Yes,1.0,0.0,1
5.0,Yes,2.0,0.0,Yes,2.0,0.0,1
7.0,Yes,0.0,0.0,Yes,1.0,2.0,1
8.0,Yes,0.0,0.0,Yes,3.0,0.0,1
4.0,Yes,2.0,2.0,Yes,6.268862911795962,0.0,1
6.0,Yes,2.0,0.0,Yes,3.0,0.0,1
5.0,Yes,2.0,1.0,Yes,1.0,2.0,1
4.0,Yes,1.0,0.0,Yes,3.0,2.0,1
9.0,Yes,0.0,2.0,Yes,2.0,2.0,1
6.0,No,0.0,2.0,Yes,1.0,2.0,1
9.0,Yes,2.0,0.0,Yes,1.0,1.0,1
9.0,Yes,2.0,2.0,Yes,1.0,2.0,1
5.0,Yes,1.0,0.0,Yes,3.0,2.0,1
4.0,Yes,0.0,1.0,Yes,1.0,2.0,1
8.0,Yes,2.0,2.0,No,1.0,0.0,1
6.0,Yes,2.0,1.0,Yes,2.0,1.0,1
8.0,Yes,1.0,0.0,Yes,1.0,1.0,1
7.0,Yes,1.0,1.0,Yes,3.0,3.564726631393298,1
7.0,Yes,0.0,2.0,Yes,2.0,0.0,1
4.0,Yes,0.0,2.0,Yes,2.0,3.564726631393298,1
7.0,Yes,0.0,0.0,Yes,3.0,2.0,1
9.0,Yes,2.0,0.0,Yes,2.0,0.0,1
4.0,Yes,2.0,1.0,Yes,3.0,2.0,1
9.0,Yes,0.0,0.0,Yes,2.0,0.0,1
5.0,Yes,1.0,2.0,Yes,2.0,2.0,1
4.0,Yes,0.0,0.0,Yes,1.0,2.0,1
4.0,Yes,1.0,1.0,Yes,2.0,2.0,1
8.0,Yes,0.0,0.0,Yes,3.0,1.0,1
5.0,Yes,0.0,1.0,Yes,2.0,2.0,1
7.0,Yes,2.0,2.0,Yes,3.0,0.0,1
9.0,Yes,0.0,1.0,Yes,2.0,1.0,1
6.0,Yes,2.0,0.0,Yes,1.0,2.0,1
9.0,Yes,0.0,2.0,Yes,3.0,2.0,1
5.0,Yes,2.0,2.0,Yes,3.0,2.0,1
7.0,Yes,0.0,0.0,Yes,3.0,1.0,1
4.0,Yes,2.0,0.0,Yes,1.0,1.0,1
9.0,Yes,1.0,2.0,Yes,3.0,1.0,1
4.0,Yes,0.0,1.0,Yes,1.0,1.0,1
7.0,Yes,0.0,0.0,Yes,3.0,2.0,1
4.0,Yes,0.0,2.0,Yes,3.0,2.0,1
7.0,Yes,1.0,0.0,Yes,3.0,0.0,1
7.0,Yes,1.0,1.0,Yes,3.0,1.0,1
4.0,Yes,2.0,0.0,Yes,1.0,1.0,1
9.0,Yes,1.0,1.0,Yes,2.0,2.0,1
8.0,Yes,0.0,0.0,Yes,1.0,1.0,1
8.0,Yes,2.0,2.0,Yes,1.0,0.0,1
7.0,Yes,2.0,2.0,Yes,2.0,2.0,1
9.0,Yes,1.0,1.0,Yes,2.0,1.0,1
8.0,Yes,2.0,1.0,Yes,3.0,2.0,1
5.0,Yes,0.0,1.0,Yes,1.0,2.0,1
4.0,Yes,0.0,0.0,Yes,3.0,2.0,1
4.0,Yes,0.0,1.0,Yes,1.0,1.0,1
8.0,Yes,1.0,2.0,Yes,1.0,0.0,1
8.0,Yes,0.0,1.0,Yes,1.0,3.564726631393298,1
6.0,Yes,0.0,2.0,Yes,1.0,0.0,1
4.0,Yes,2.0,1.0,Yes,1.0,1.0,1
9.0,Yes,1.0,2.0,Yes,2.0,1.0,1
9.0,Yes,2.0,1.0,Yes,3.0,2.0,1
5.0,Yes,1.0,3.0,Yes,1.0,0.0,1
4.0,Yes,2.0,1.0,Yes,3.0,0.0,1
5.0,Yes,2.0,1.0,Yes,3.0,1.0,1
4.0,Yes,0.0,1.0,Yes,3.0,0.0,1
7.0,Yes,0.0,0.0,Yes,6.268862911795962,1.0,1
7.0,Yes,2.0,2.0,Yes,3.0,1.0,1
5.0,Yes,2.0,2.0,Yes,2.0,2.0,1
4.0,Yes,1.0,2.0,Yes,2.0,0.0,1
9.0,No,1.0,1.0,Yes,2.0,0.0,1
7.0,Yes,1.0,1.0,Yes,3.0,1.0,1
6.0,Yes,0.0,0.0,Yes,1.0,0.0,1
7.0,Yes,1.0,0.0,Yes,2.0,2.0,1
6.0,Yes,2.0,0.0,Yes,2.0,1.0,1
9.0,Yes,2.0,0.0,Yes,3.0,2.0,1
7.0,Yes,1.0,2.0,Yes,2.0,0.0,1
5.0,Yes,0.0,1.0,Yes,3.0,2.0,1
4.0,Yes,0.0,0.0,Yes,2.0,1.0,1
4.0,Yes,2.0,1.0,Yes,2.0,1.0,1
4.0,Yes,0.0,0.0,Yes,1.0,0.0,1
8.0,Yes,3.963354474982382,0.0,Yes,6.268862911795962,3.564726631393298,1
7.0,Yes,1.0,2.0,Yes,1.0,1.0,1
4.0,Yes,0.0,1.0,Yes,1.0,2.0,1
4.0,Yes,1.0,1.0,Yes,2.0,0.0,1
7.0,Yes,1.0,1.0,Yes,1.0,2.0,1
7.0,Yes,0.0,1.0,Yes,2.0,0.0,1
5.0,Yes,1.0,1.0,Yes,1.0,1.0,1
3.0,No,4.0,5.0,No,6.0,4.0,0
3.0,No,3.0,7.0,No,8.0,7.0,0
3.0,No,4.0,4.0,No,7.0,5.0,0
3.0,No,6.0,5.0,No,6.0,6.0,0
0.0,No,3.0,4.0,No,6.0,5.0,0
0.0,No,6.0,6.0,No,4.0,3.0,0
3.0,No,4.0,6.0,No,7.0,7.0,0
0.0,No,6.0,6.0,No,9.0,4.0,0
0.0,No,5.0,5.0,No,6.268862911795962,9.0,0
0.0,No,4.0,7.0,No,8.0,4.0,0
1.0,No,4.0,3.0,No,6.268862911795962,5.0,0
0.0,No,6.0,3.0,No,8.0,4.0,0
0.0,No,5.0,4.0,No,7.0,3.0,0
0.0,No,7.0,4.0,No,7.0,4.0,0
0.0,No,3.0,7.0,No,6.0,3.0,0
2.0,No,6.0,5.0,No,4.0,9.0,0
3.0,No,7.0,7.0,No,4.0,9.0,0
4.505816002819881,No,3.0,6.0,No,4.0,8.0,0
0.0,No,3.0,5.0,No,7.0,3.0,0
1.0,No,7.0,6.0,No,6.0,3.0,0
4.505816002819881,No,6.0,4.0,No,4.0,5.0,0
3.0,No,3.0,6.0,No,7.0,8.0,0
2.0,No,6.0,6.0,No,5.0,9.0,0
3.0,No,7.0,4.0,No,6.0,6.0,0
0.0,No,6.0,6.0,No,8.0,6.0,0
0.0,No,3.0,6.0,No,8.0,7.0,0
1.0,No,4.0,6.0,No,9.0,9.0,0
1.0,No,7.0,6.0,No,8.0,5.0,0
2.0,No,4.0,6.0,No,7.0,3.0,0
1.0,No,4.0,7.0,No,4.0,7.0,0
1.0,No,3.963354474982382,7.0,No,5.0,3.0,0
1.0,No,5.0,5.0,No,5.0,7.0,0
0.0,No,7.0,5.0,No,6.0,7.0,0
0.0,No,6.0,4.0,No,4.0,7.0,0
3.0,No,6.0,5.0,No,7.0,9.0,0
2.0,No,7.0,7.0,No,9.0,9.0,0
2.0,No,4.0,5.0,No,6.0,3.564726631393298,0
1.0,No,3.963354474982382,4.0,No,8.0,4.0,0
3.0,No,4.0,7.0,No,7.0,7.0,0
2.0,No,3.0,6.0,No,4.0,5.0,0
0.0,No,6.0,5.0,No,4.0,9.0,0
3.0,No,3.0,4.0,No,4.0,8.0,0
0.0,No,4.0,7.0,No,8.0,7.0,0
0.0,No,7.0,7.0,No,9.0,7.0,0
2.0,No,6.0,4.0,No,7.0,5.0,0
2.0,No,6.0,4.0,No,5.0,9.0,0
0.0,No,3.0,5.0,No,4.0,7.0,0
1.0,No,5.0,7.0,No,4.0,5.0,0
3.0,No,4.0,7.0,No,9.0,6.0,0
3.0,No,6.0,4.0,No,5.0,6.0,0
3.0,No,4.0,7.0,No,5.0,6.0,0
1.0,No,6.0,7.0,No,8.0,3.564726631393298,0
3.0,No,5.0,5.0,No,4.0,3.0,0
0.0,No,7.0,7.0,No,8.0,6.0,0
3.0,No,7.0,4.0,No,9.0,5.0,0
0.0,No,4.0,6.0,No,8.0,9.0,0
0.0,No,4.0,5.0,No,9.0,4.0,0
2.0,No,7.0,4.0,No,4.0,8.0,0
0.0,No,4.0,7.0,No,4.0,5.0,0
0.0,No,4.0,6.0,No,4.0,8.0,0
2.0,No,5.0,4.0,No,8.0,3.0,0
1.0,No,3.0,6.0,No,4.0,7.0,0
3.0,No,6.0,4.0,No,8.0,9.0,0
0.0,No,5.0,4.0,No,8.0,7.0,0
0.0,No,4.0,5.0,No,6.0,3.0,0
0.0,No,3.0,5.0,No,4.0,5.0,0
0.0,No,7.0,7.0,No,9.0,3.0,0
0.0,No,4.0,7.0,No,5.0,4.0,0
1.0,No,5.0,6.0,No,5.0,6.0,0
0.0,No,6.0,4.0,No,9.0,8.0,0
2.0,No,3.0,4.0,No,8.0,7.0,0
1.0,No,4.0,6.0,No,6.0,9.0,0
1.0,No,6.0,5.0,No,9.0,4.0,0
1.0,No,4.0,5.0,No,6.0,5.0,0
2.0,No,4.0,7.0,No,4.0,8.0,0
0.0,No,6.0,5.0,No,5.0,5.0,0
0.0,No,7.0,4.0,No,7.0,4.0,0
3.0,No,3.0,5.0,No,4.0,6.0,0
3.0,No,7.0,5.0,No,6.268862911795962,7.0,0
1.0,No,7.0,5.0,No,6.0,5.0,0
3.0,No,5.0,6.0,No,6.268862911795962,9.0,0
2.0,No,5.0,5.0,No,7.0,6.0,0
3.0,No,3.0,6.0,No,6.0,5.0,0
0.0,No,4.0,4.0,No,5.0,5.0,0
2.0,No,7.0,4.0,No,5.0,6.0,0
1.0,No,7.0,5.0,No,8.0,8.0,0
0.0,No,3.963354474982382,4.0,No,7.0,4.0,0
1.0,No,4.0,4.0,No,9.0,4.0,0
0.0,No,5.0,4.0,No,5.0,3.0,0
2.0,No,3.0,5.0,No,6.268862911795962,5.0,0
2.0,No,7.0,4.0,No,5.0,6.0,0
0.0,No,3.0,6.0,No,8.0,6.0,0
2.0,No,4.0,7.0,No,9.0,4.0,0
0.0,No,4.0,5.0,No,6.0,5.0,0
2.0,No,5.0,6.0,No,9.0,5.0,0
2.0,No,6.0,4.0,No,5.0,4.0,0
1.0,No,5.0,6.0,No,4.0,9.0,0
0.0,No,6.0,5.0,No,4.0,3.0,0
2.0,No,4.0,5.0,No,7.0,3.0,0
0.0,No,7.0,7.0,No,4.0,6.0,0
2.0,No,7.0,4.0,No,13.0,7.0,0
8.0,Yes,2.0,1.0,Yes,2.0,2.0,1
6.0,Yes,2.0,0.0,Yes,6.268862911795962,2.0,1
9.0,Yes,0.0,1.0,Yes,3.0,1.0,1
1.0,No,5.0,7.0,No,10.0,3.0,0
3.0,No,5.0,5.0,No,14.0,3.0,0
2.0,No,6.0,6.0,No,8.0,6.0,0
10.0,Yes,3.0,0.0,Yes,2.0,0.0,1
6.0,Yes,2.0,0.0,Yes,0.0,2.0,0
5.0,Yes,3.0,0.0,Yes,3.0,1.0,1
5.0,Yes,1.0,0.0,Yes,1.0,0.0,1
5.0,Yes,3.0,2.0,Yes,3.0,2.0,0
7.0,Yes,0.0,2.0,Yes,2.0,1.0,1
4.0,Yes,3.0,1.0,Yes,3.0,1.0,1
1.0,No,9.0,5.0,No,9.0,8.0,0
8.0,Yes,2.0,1.0,Yes,1.0,1.0,0
5.0,Yes,1.0,1.0,Yes,5.0,2.0,1
3.0,No,4.0,5.0,No,13.0,7.0,0
3.0,No,8.0,5.0,No,10.0,4.0,0
4.0,Yes,3.0,0.0,Yes,0.0,0.0,0
2.0,No,8.0,4.0,No,14.0,9.0,0
0.0,No,4.0,7.0,No,13.0,9.0,0
6.0,Yes,2.0,0.0,Yes,2.0,2.0,0
4.0,Yes,2.0,0.0,Yes,1.0,2.0,0
1.0,No,4.0,7.0,No,12.0,3.0,0
11.0,Yes,3.0,1.0,Yes,0.0,2.0,1
10.0,Yes,1.0,0.0,Yes,2.0,1.0,1
6.0,Yes,2.0,0.0,Yes,2.0,0.0,1
2.0,No,9.0,6.0,No,6.0,7.0,0
1.0,No,9.0,6.0,No,14.0,9.0,0
2.0,No,5.0,5.0,No,8.0,9.0,0
3.0,No,4.0,7.0,No,9.0,8.0,0
8.0,Yes,2.0,2.0,Yes,4.0,2.0,0
2.0,No,8.0,7.0,No,12.0,5.0,0
6.0,Yes,1.0,1.0,Yes,1.0,0.0,1
1.0,No,4.0,4.0,No,11.0,6.0,0
3.0,No,7.0,7.0,No,9.0,8.0,0
1.0,No,6.0,7.0,No,12.0,6.0,0
0.0,No,9.0,4.0,No,6.0,3.0,0
2.0,No,9.0,4.0,No,9.0,7.0,0
0.0,No,6.0,6.0,No,11.0,5.0,1
4.0,Yes,1.0,0.0,Yes,0.0,2.0,1
5.0,Yes,3.0,2.0,Yes,2.0,1.0,1
11.0,Yes,3.0,0.0,Yes,3.0,0.0,1
9.0,Yes,0.0,1.0,Yes,3.0,1.0,1
10.0,Yes,1.0,2.0,Yes,0.0,0.0,1
4.0,Yes,3.0,0.0,Yes,2.0,3.564726631393298,1
5.0,Yes,1.0,1.0,Yes,4.0,0.0,1
0.0,No,6.0,5.0,No,7.0,7.0,0
7.0,Yes,1.0,1.0,Yes,3.0,2.0,1
6.0,Yes,3.0,2.0,Yes,0.0,2.0,1
9.0,Yes,3.0,0.0,Yes,3.0,1.0,1
9.0,Yes,1.0,2.0,Yes,0.0,0.0,1
3.0,No,6.0,5.0,No,8.0,6.0,0
3.0,No,6.0,7.0,No,8.0,4.0,0
2.0,No,6.0,7.0,No,12.0,6.0,0
4.0,Yes,0.0,2.0,Yes,1.0,0.0,1
2.0,No,7.0,4.0,No,14.0,4.0,0
10.0,Yes,2.0,1.0,Yes,1.0,2.0,1
10.0,Yes,3.0,1.0,Yes,0.0,0.0,1
1.0,No,4.0,7.0,No,10.0,7.0,0
3.0,No,6.0,6.0,No,14.0,3.0,0
2.0,No,6.0,7.0,No,6.268862911795962,6.0,0
3.0,No,9.0,7.0,No,6.0,6.0,0
2.0,No,4.0,7.0,No,9.0,8.0,0
3.0,No,7.0,5.0,No,8.0,8.0,0
4.0,Yes,2.0,0.0,Yes,4.0,1.0,1
11.0,Yes,1.0,1.0,Yes,1.0,3.564726631393298,1
6.0,Yes,3.0,0.0,Yes,0.0,0.0,1
7.0,Yes,0.0,1.0,Yes,4.0,2.0,1
6.0,Yes,0.0,0.0,Yes,3.0,2.0,1
2.0,No,9.0,6.0,No,11.0,8.0,0
1.0,No,3.963354474982382,5.0,No,8.0,8.0,0
11.0,Yes,2.0,2.0,Yes,1.0,0.0,1
1.0,No,4.0,7.0,No,6.0,7.0,0
7.0,Yes,0.0,2.0,Yes,3.0,2.0,1
3.0,No,4.0,7.0,No,6.0,6.0,0
7.0,Yes,1.0,0.0,Yes,5.0,0.0,1
9.0,Yes,2.0,0.0,Yes,4.0,0.0,1
4.0,Yes,1.0,0.0,Yes,2.0,0.0,1
3.0,No,8.0,4.0,No,12.0,3.0,0
11.0,Yes,2.0,1.0,Yes,0.0,1.0,1
2.0,No,9.0,5.0,No,8.0,8.0,0
3.0,No,5.0,7.0,No,11.0,9.0,0
5.0,Yes,2.0,2.0,Yes,1.0,1.0,1
5.0,Yes,0.0,0.0,Yes,0.0,2.0,1
1.0,No,8.0,5.0,No,12.0,4.0,0
6.0,Yes,1.0,0.0,Yes,4.0,1.0,1
10.0,Yes,0.0,0.0,Yes,3.0,0.0,1
11.0,Yes,3.0,1.0,Yes,5.0,2.0,1
10.0,Yes,2.0,1.0,Yes,1.0,2.0,1
2.0,No,9.0,6.0,No,14.0,4.0,0
2.0,No,9.0,4.0,No,11.0,4.0,0
5.0,Yes,1.0,0.0,Yes,3.0,1.0,1
9.0,Yes,2.0,1.0,Yes,2.0,0.0,1
4.0,Yes,3.0,0.0,Yes,3.0,0.0,1
2.0,No,7.0,5.0,No,9.0,8.0,0
10.0,Yes,2.0,2.0,Yes,3.0,0.0,1
1.0,No,7.0,5.0,No,8.0,3.0,0
3.0,No,6.0,7.0,No,12.0,4.0,0
8.0,Yes,1.0,0.0,Yes,5.0,2.0,1
2.0,No,4.0,7.0,No,10.0,3.0,0
1.0,No,5.0,4.0,No,7.0,8.0,0
9.0,Yes,3.0,0.0,Yes,4.0,0.0,1
4.0,Yes,3.0,0.0,Yes,4.0,1.0,1
0.0,No,6.0,7.0,No,8.0,7.0,0
9.0,Yes,0.0,0.0,Yes,5.0,0.0,1
10.0,Yes,0.0,1.0,Yes,5.0,1.0,1
7.0,Yes,0.0,1.0,Yes,1.0,0.0,1
2.0,No,7.0,4.0,No,10.0,9.0,0
1.0,No,5.0,5.0,No,10.0,6.0,0
5.0,Yes,3.0,2.0,Yes,1.0,1.0,1
6.0,Yes,1.0,0.0,Yes,4.0,0.0,1
7.0,Yes,3.0,2.0,Yes,1.0,0.0,1
3.0,No,6.0,7.0,No,13.0,6.0,0
1.0,No,6.0,7.0,No,6.0,3.0,0
8.0,Yes,2.0,2.0,Yes,4.0,2.0,1
0.0,No,4.0,7.0,No,7.0,7.0,0
2.0,No,5.0,6.0,No,12.0,3.0,0
5.0,Yes,3.0,0.0,Yes,1.0,1.0,1
4.505816002819881,No,9.0,5.0,No,8.0,3.0,0
10.0,Yes,3.0,1.0,Yes,4.0,1.0,1
0.0,No,6.0,4.0,No,13.0,6.0,1
4.0,Yes,0.0,0.0,Yes,0.0,1.0,1
8.0,Yes,0.0,2.0,Yes,0.0,2.0,1
11.0,Yes,3.0,1.0,Yes,0.0,2.0,1
4.505816002819881,Yes,3.0,2.0,Yes,5.0,0.0,1
3.0,No,4.0,6.0,No,12.0,3.0,0
2.0,No,4.0,5.0,No,6.0,3.564726631393298,0
1.0,No,7.0,7.0,No,14.0,8.0,0
8.0,Yes,2.0,2.0,Yes,0.0,0.0,1
4.0,Yes,2.0,0.0,Yes,3.0,1.0,1
2.0,No,7.0,6.0,No,10.0,7.0,0
2.0,No,7.0,4.0,No,9.0,5.0,1
8.0,Yes,3.0,0.0,Yes,0.0,2.0,1
8.0,Yes,0.0,1.0,Yes,1.0,2.0,1
9.0,Yes,2.0,1.0,Yes,4.0,2.0,1
2.0,No,8.0,6.0,No,7.0,9.0,0
3.0,No,4.0,5.0,No,6.0,7.0,0
9.0,Yes,2.0,1.0,Yes,4.0,1.0,1
4.0,Yes,1.0,2.0,Yes,1.0,1.0,1
8.0,Yes,0.0,0.0,Yes,5.0,2.0,1
11.0,Yes,3.0,0.0,Yes,0.0,1.0,1
3.0,No,4.0,6.0,No,12.0,3.0,0
8.0,Yes,3.0,1.0,Yes,3.0,2.0,1
6.0,Yes,0.0,1.0,Yes,2.0,1.0,0
5.0,Yes,2.0,2.0,Yes,5.0,2.0,1
0.0,No,8.0,5.0,No,9.0,6.0,0
11.0,Yes,0.0,2.0,Yes,0.0,2.0,1
4.0,Yes,2.0,0.0,Yes,3.0,1.0,1
0.0,No,7.0,4.0,No,14.0,3.564726631393298,1
1.0,No,8.0,5.0,No,10.0,8.0,0
8.0,Yes,2.0,0.0,Yes,3.0,2.0,1
6.0,Yes,3.0,0.0,Yes,1.0,2.0,1
4.0,Yes,0.0,1.0,Yes,0.0,0.0,1
9.0,Yes,1.0,2.0,Yes,0.0,2.0,1
7.0,Yes,1.0,1.0,Yes,3.0,0.0,1
3.0,No,5.0,7.0,No,9.0,4.0,0
11.0,Yes,1.0,1.0,Yes,3.0,0.0,0
4.0,Yes,3.0,2.0,Yes,5.0,2.0,1
4.0,Yes,0.0,0.0,Yes,4.0,0.0,1
3.0,No,8.0,4.0,No,8.0,7.0,0
9.0,Yes,1.0,2.0,Yes,4.0,2.0,1
0.0,No,3.963354474982382,5.0,No,13.0,8.0,0
1.0,No,6.0,4.0,No,10.0,9.0,0
11.0,Yes,0.0,1.0,Yes,0.0,1.0,1
11.0,Yes,2.0,0.0,Yes,2.0,0.0,1
1.0,No,4.0,5.0,No,6.0,7.0,1
4.0,Yes,1.0,0.0,Yes,2.0,2.0,0
4.0,No,0.0,2.0,Yes,5.0,0.0,1
0.0,No,8.0,5.0,No,8.0,7.0,0
2.0,No,8.0,4.0,No,10.0,4.0,1
5.0,Yes,2.0,0.0,Yes,4.0,1.0,1
0.0,No,9.0,4.0,No,8.0,7.0,0
0.0,No,7.0,5.0,No,6.0,3.0,0
11.0,Yes,3.0,1.0,Yes,6.268862911795962,2.0,1
11.0,Yes,2.0,1.0,Yes,1.0,1.0,1
9.0,Yes,1.0,2.0,Yes,2.0,1.0,1
7.0,Yes,0.0,1.0,Yes,3.0,0.0,1
9.0,Yes,1.0,2.0,Yes,0.0,0.0,1
3.0,No,8.0,4.0,No,7.0,5.0,0
2.0,No,9.0,7.0,No,7.0,8.0,0
1.0,No,5.0,5.0,No,8.0,9.0,1
5.0,Yes,3.0,0.0,Yes,5.0,0.0,1
11.0,Yes,2.0,1.0,Yes,1.0,2.0,1
4.0,Yes,0.0,0.0,Yes,3.0,1.0,1
3.0,No,4.0,5.0,No,6.0,6.0,0
7.0,Yes,3.0,0.0,Yes,6.268862911795962,1.0,1
8.0,Yes,1.0,0.0,Yes,5.0,2.0,1
6.0,Yes,3.0,2.0,Yes,2.0,2.0,1
4.0,Yes,2.0,2.0,Yes,2.0,1.0,1
11.0,Yes,3.0,0.0,Yes,2.0,2.0,1
6.0,Yes,0.0,1.0,Yes,4.0,1.0,1
2.0,No,6.0,4.0,No,10.0,4.0,0
7.0,Yes,1.0,0.0,Yes,5.0,0.0,1
1.0,No,4.0,4.0,No,14.0,6.0,0
1.0,No,9.0,5.0,No,6.0,8.0,0
5.0,Yes,0.0,2.0,Yes,0.0,1.0,1
0.0,No,4.0,5.0,No,13.0,8.0,0
2.0,No,8.0,4.0,No,9.0,3.0,0
3.0,No,4.0,6.0,No,9.0,9.0,0
2.0,No,9.0,5.0,No,12.0,8.0,0
3.0,No,5.0,4.0,No,13.0,5.0,0
10.0,Yes,2.0,2.0,Yes,5.0,2.0,1
10.0,Yes,3.0,3.0,Yes,1.0,1.0,1
9.0,Yes,2.0,2.0,Yes,0.0,2.0,1
8.0,Yes,3.0,1.0,Yes,0.0,0.0,1
10.0,Yes,1.0,1.0,Yes,5.0,0.0,1
4.0,Yes,0.0,0.0,Yes,3.0,1.0,1
2.0,No,4.0,4.0,No,7.0,9.0,0
7.0,Yes,2.0,1.0,Yes,1.0,2.0,1
3.0,No,4.0,7.0,No,8.0,4.0,0
4.0,Yes,0.0,1.0,Yes,3.0,1.0,1
11.0,Yes,1.0,2.0,Yes,2.0,3.564726631393298,1
1.0,No,8.0,4.0,No,6.0,7.0,0
1.0,No,8.0,5.0,No,11.0,9.0,0
3.0,No,7.0,5.0,No,13.0,9.0,0
0.0,No,6.0,6.0,No,13.0,7.0,0
7.0,Yes,3.0,2.0,Yes,5.0,1.0,1
7.0,Yes,3.0,2.0,Yes,3.0,2.0,1
1.0,No,9.0,4.0,No,13.0,8.0,0
2.0,No,9.0,4.0,No,7.0,9.0,0
6.0,Yes,3.0,1.0,Yes,2.0,0.0,1
3.0,No,8.0,5.0,No,11.0,6.0,0
6.0,Yes,3.0,0.0,Yes,3.0,0.0,1
3.0,No,4.0,5.0,No,11.0,7.0,0
9.0,Yes,2.0,2.0,Yes,3.0,0.0,1
2.0,No,6.0,4.0,No,11.0,4.0,0
11.0,Yes,1.0,0.0,Yes,1.0,1.0,1
0.0,No,5.0,7.0,No,6.0,9.0,0
8.0,Yes,0.0,0.0,Yes,0.0,2.0,0
10.0,Yes,3.0,1.0,Yes,2.0,1.0,1
2.0,No,4.0,4.0,No,7.0,8.0,0
0.0,No,6.0,4.0,No,7.0,6.0,0
6.0,Yes,2.0,0.0,Yes,5.0,0.0,1
11.0,Yes,2.0,0.0,Yes,4.0,1.0,1
3.0,No,9.0,6.0,No,6.268862911795962,7.0,0
8.0,Yes,2.0,2.0,Yes,5.0,1.0,1
1.0,No,7.0,4.0,No,14.0,4.0,0
3.0,No,9.0,7.0,No,8.0,7.0,0
9.0,Yes,0.0,2.0,Yes,0.0,0.0,1
0.0,No,4.0,6.0,No,12.0,4.0,0
9.0,Yes,0.0,2.0,Yes,2.0,1.0,1
1.0,No,6.0,6.0,No,8.0,4.0,0
11.0,Yes,3.0,2.0,Yes,4.0,0.0,1
3.0,No,9.0,6.0,No,9.0,7.0,0
9.0,Yes,0.0,0.0,Yes,4.0,0.0,1
6.0,Yes,2.0,3.0,Yes,5.0,1.0,0
1.0,No,5.0,4.0,No,6.0,8.0,0
9.0,Yes,0.0,2.0,Yes,3.0,0.0,1
11.0,Yes,3.0,2.0,Yes,4.0,0.0,1
0.0,No,7.0,7.0,No,7.0,5.0,0
10.0,Yes,2.0,2.0,Yes,3.0,1.0,1
6.0,Yes,2.0,0.0,Yes,3.0,2.0,1
1.0,No,5.0,7.0,No,11.0,8.0,0
3.0,No,5.0,5.0,No,13.0,8.0,0
5.0,Yes,0.0,0.0,Yes,3.0,2.0,1
7.0,Yes,3.0,0.0,Yes,4.0,2.0,1
5.0,Yes,0.0,2.0,Yes,1.0,0.0,1
1.0,No,6.0,4.0,No,13.0,3.0,0
1.0,No,6.0,6.0,No,6.0,8.0,0
0.0,No,8.0,5.0,No,9.0,8.0,0
10.0,Yes,0.0,0.0,Yes,5.0,2.0,1
6.0,Yes,3.0,2.0,Yes,4.0,2.0,1
0.0,No,8.0,4.0,No,9.0,3.0,0
0.0,No,5.0,4.0,No,8.0,9.0,0
3.0,No,4.0,5.0,No,11.0,4.0,0
2.0,No,5.0,6.0,No,7.0,5.0,0
0.0,No,6.0,6.0,No,8.0,8.0,0
11.0,Yes,0.0,2.0,Yes,3.0,1.0,1
0.0,No,4.0,3.0,No,11.0,4.0,0
7.0,Yes,1.0,0.0,Yes,0.0,2.0,1
0.0,No,7.0,4.0,No,6.0,6.0,0
1.0,No,9.0,7.0,No,13.0,3.0,0
10.0,Yes,0.0,3.0,Yes,5.0,2.0,1
6.0,Yes,2.0,2.0,Yes,5.0,1.0,1
8.0,Yes,0.0,0.0,Yes,4.0,1.0,1
3.0,No,6.0,5.0,No,6.0,8.0,0
6.0,Yes,2.0,1.0,Yes,1.0,1.0,1
3.0,No,4.0,5.0,No,11.0,5.0,0
2.0,No,7.0,4.0,No,13.0,7.0,0
10.0,Yes,2.0,2.0,Yes,1.0,1.0,1
2.0,No,9.0,5.0,No,6.0,9.0,0
4.505816002819881,Yes,3.0,1.0,Yes,4.0,0.0,1
4.0,Yes,2.0,2.0,Yes,2.0,2.0,1
0.0,No,9.0,4.0,No,10.0,5.0,0
2.0,No,4.0,7.0,No,13.0,4.0,0
6.0,Yes,3.0,1.0,Yes,5.0,2.0,1
11.0,Yes,3.0,0.0,Yes,5.0,0.0,1
9.0,Yes,2.0,2.0,Yes,1.0,2.0,0
5.0,Yes,2.0,0.0,Yes,4.0,2.0,1
3.0,No,8.0,6.0,No,9.0,7.0,0
3.0,No,5.0,5.0,No,6.0,9.0,0
8.0,Yes,3.0,2.0,Yes,1.0,2.0,1
4.505816002819881,No,6.0,6.0,No,12.0,6.0,0
3.0,No,3.963354474982382,4.0,No,11.0,8.0,0
4.0,Yes,1.0,0.0,Yes,3.0,2.0,1
7.0,Yes,1.0,1.0,Yes,3.0,0.0,1
5.0,No,1.0,2.0,Yes,5.0,2.0,1
3.0,No,4.0,5.0,No,8.0,3.0,0
1.0,No,4.0,7.0,No,7.0,7.0,0
4.0,Yes,2.0,0.0,Yes,5.0,1.0,1
2.0,No,9.0,7.0,No,7.0,9.0,0
0.0,No,6.0,5.0,No,7.0,7.0,0
5.0,Yes,3.0,0.0,Yes,5.0,1.0,1
4.0,Yes,0.0,0.0,Yes,5.0,1.0,1
7.0,Yes,2.0,0.0,Yes,1.0,1.0,1
0.0,No,6.0,4.0,No,11.0,5.0,0
3.0,No,5.0,7.0,No,14.0,7.0,0
2.0,No,5.0,4.0,No,6.0,4.0,0
0.0,No,7.0,5.0,No,7.0,6.0,0
9.0,Yes,2.0,0.0,Yes,2.0,0.0,1
7.0,Yes,2.0,1.0,Yes,4.0,0.0,1
4.505816002819881,Yes,3.0,2.0,Yes,3.0,0.0,1
2.0,No,6.0,5.0,No,7.0,9.0,0
2.0,No,9.0,5.0,No,10.0,3.0,0
5.0,Yes,3.0,2.0,Yes,3.0,2.0,1
2.0,No,7.0,6.0,No,6.0,8.0,0
6.0,Yes,0.0,2.0,Yes,1.0,0.0,1
1.0,No,5.0,4.0,No,14.0,3.0,0
3.0,No,4.0,4.0,No,14.0,7.0,1
2.0,No,5.0,4.0,No,12.0,5.0,0
2.0,No,5.0,4.0,No,8.0,8.0,0
1.0,No,5.0,7.0,No,8.0,7.0,0
7.0,Yes,2.0,2.0,Yes,0.0,0.0,1
0.0,No,5.0,4.0,No,12.0,3.0,0
10.0,Yes,3.0,1.0,Yes,2.0,2.0,1
0.0,No,4.0,6.0,No,10.0,8.0,0
3.0,No,9.0,7.0,No,14.0,4.0,0
0.0,No,7.0,6.0,No,14.0,7.0,0
1.0,No,5.0,7.0,No,12.0,3.0,0
10.0,Yes,1.0,0.0,Yes,5.0,1.0,1
2.0,No,9.0,6.0,No,10.0,9.0,0
4.0,Yes,2.0,1.0,Yes,2.0,2.0,1
0.0,No,5.0,3.0,No,9.0,9.0,0
2.0,No,5.0,6.0,No,12.0,3.0,0
9.0,Yes,2.0,2.0,Yes,3.0,0.0,1
1.0,No,6.0,4.0,No,13.0,4.0,0
10.0,Yes,2.0,2.0,Yes,0.0,0.0,1
9.0,Yes,0.0,0.0,Yes,1.0,0.0,1
3.0,No,8.0,5.0,No,7.0,9.0,0
6.0,Yes,1.0,1.0,Yes,5.0,2.0,1
10.0,Yes,0.0,0.0,Yes,1.0,2.0,1
6.0,Yes,2.0,1.0,Yes,3.0,0.0,1
9.0,Yes,0.0,0.0,Yes,5.0,0.0,1
3.0,No,4.0,7.0,No,13.0,6.0,0
2.0,No,4.0,5.0,No,14.0,9.0,0
10.0,Yes,3.0,0.0,Yes,0.0,1.0,1
0.0,No,6.0,4.0,No,13.0,8.0,0
5.0,Yes,3.0,1.0,Yes,5.0,0.0,1
0.0,No,4.0,4.0,No,14.0,9.0,0
4.0,Yes,0.0,2.0,Yes,1.0,0.0,1
0.0,No,8.0,6.0,No,11.0,9.0,0
11.0,Yes,2.0,1.0,Yes,2.0,1.0,1
0.0,No,5.0,4.0,No,12.0,6.0,0
7.0,Yes,2.0,0.0,Yes,5.0,0.0,1
2.0,No,8.0,5.0,No,7.0,3.0,0
5.0,Yes,0.0,0.0,Yes,1.0,2.0,1
11.0,Yes,1.0,0.0,Yes,4.0,1.0,1
10.0,Yes,2.0,0.0,Yes,0.0,2.0,1
3.0,No,5.0,4.0,No,8.0,4.0,0
5.0,Yes,1.0,0.0,Yes,2.0,2.0,1
1.0,No,3.963354474982382,7.0,No,14.0,3.0,0
7.0,Yes,1.0,0.0,Yes,1.0,2.0,1
4.0,Yes,3.0,2.0,Yes,2.0,0.0,1
0.0,No,6.0,4.0,No,7.0,6.0,0
5.0,Yes,0.0,2.0,Yes,0.0,0.0,1
2.0,No,6.0,5.0,No,13.0,6.0,0
10.0,Yes,1.0,2.0,No,4.0,1.0,1
1.0,No,3.963354474982382,4.0,No,10.0,7.0,0
4.0,Yes,1.0,0.0,Yes,5.0,0.0,1
2.0,No,5.0,6.0,No,13.0,4.0,0
3.0,No,6.0,4.0,No,6.0,8.0,0
3.0,No,6.0,7.0,No,13.0,6.0,0
4.0,Yes,2.0,2.0,Yes,0.0,0.0,1
6.0,Yes,0.0,0.0,Yes,4.0,1.0,1
4.505816002819881,No,6.0,5.0,No,12.0,7.0,0
6.0,Yes,0.0,1.0,Yes,0.0,2.0,1
10.0,Yes,2.0,1.0,Yes,1.0,2.0,1
0.0,No,9.0,6.0,No,7.0,6.0,0
1.0,No,9.0,4.0,No,12.0,4.0,0
11.0,Yes,0.0,1.0,Yes,2.0,0.0,1
4.0,Yes,0.0,2.0,Yes,1.0,0.0,1
6.0,Yes,3.0,1.0,Yes,2.0,1.0,1
10.0,Yes,1.0,0.0,Yes,1.0,2.0,1
7.0,Yes,3.0,2.0,Yes,5.0,0.0,1
8.0,No,1.0,1.0,Yes,3.0,2.0,1
11.0,Yes,0.0,1.0,Yes,0.0,1.0,1
1.0,No,4.0,5.0,No,13.0,5.0,0
1.0,No,5.0,5.0,No,9.0,5.0,0
2.0,No,7.0,4.0,No,12.0,7.0,1
2.0,No,4.0,5.0,No,8.0,5.0,0
5.0,Yes,2.0,1.0,Yes,1.0,1.0,1
5.0,Yes,0.0,0.0,Yes,2.0,0.0,1
4.0,Yes,2.0,2.0,Yes,4.0,0.0,1
6.0,Yes,3.0,1.0,Yes,5.0,1.0,1
6.0,Yes,2.0,2.0,Yes,0.0,1.0,1
3.0,No,7.0,4.0,No,10.0,9.0,1
3.0,No,8.0,6.0,No,9.0,8.0,0
6.0,Yes,0.0,0.0,Yes,2.0,2.0,1
4.0,Yes,1.0,1.0,Yes,1.0,0.0,1
6.0,Yes,3.0,0.0,Yes,0.0,1.0,1
10.0,Yes,3.0,2.0,Yes,3.0,1.0,0
0.0,No,4.0,4.0,No,10.0,9.0,0
2.0,No,9.0,5.0,No,9.0,9.0,0
6.0,Yes,0.0,0.0,Yes,3.0,1.0,1
6.0,Yes,3.0,1.0,Yes,0.0,1.0,1
9.0,Yes,2.0,0.0,Yes,5.0,0.0,1
1.0,No,4.0,7.0,No,11.0,8.0,0
8.0,Yes,0.0,1.0,Yes,2.0,0.0,1
0.0,No,8.0,5.0,No,7.0,8.0,0
2.0,No,9.0,7.0,No,14.0,3.0,0
3.0,No,9.0,4.0,No,13.0,5.0,0
9.0,Yes,2.0,0.0,Yes,0.0,0.0,1
9.0,Yes,3.0,2.0,Yes,5.0,1.0,1
7.0,Yes,3.0,0.0,Yes,1.0,1.0,1
7.0,Yes,0.0,1.0,Yes,0.0,0.0,0
4.0,Yes,0.0,1.0,Yes,0.0,0.0,1
3.0,No,5.0,3.0,No,12.0,4.0,0
4.505816002819881,Yes,2.0,1.0,Yes,5.0,1.0,1
5.0,Yes,2.0,1.0,Yes,1.0,2.0,1
3.0,No,4.0,7.0,No,8.0,5.0,0
9.0,Yes,0.0,1.0,Yes,0.0,2.0,1
2.0,No,4.0,5.0,No,13.0,4.0,0
7.0,Yes,1.0,1.0,Yes,2.0,2.0,1
10.0,Yes,2.0,1.0,Yes,1.0,1.0,1
1.0,No,6.0,6.0,No,14.0,6.0,0
5.0,Yes,1.0,2.0,Yes,1.0,1.0,1
3.0,No,7.0,4.0,No,14.0,7.0,0
2.0,No,5.0,6.0,No,12.0,8.0,0
7.0,Yes,0.0,0.0,Yes,4.0,2.0,1
11.0,Yes,2.0,1.0,Yes,5.0,1.0,1
6.0,Yes,1.0,0.0,Yes,0.0,2.0,1
2.0,No,7.0,5.0,No,8.0,5.0,0
8.0,Yes,0.0,1.0,Yes,0.0,2.0,1
7.0,Yes,0.0,1.0,Yes,4.0,2.0,1
5.0,Yes,0.0,0.0,Yes,3.0,1.0,1
3.0,No,7.0,7.0,No,7.0,3.0,0
6.0,Yes,3.0,0.0,Yes,3.0,1.0,1
0.0,No,5.0,7.0,No,9.0,4.0,0
2.0,No,5.0,7.0,No,11.0,9.0,0
1.0,No,6.0,6.0,No,11.0,7.0,0
3.0,No,6.0,4.0,No,7.0,3.564726631393298,0
2.0,No,4.0,6.0,No,13.0,6.0,0
3.0,No,9.0,6.0,No,7.0,9.0,0
0.0,No,8.0,5.0,No,14.0,8.0,0
1.0,No,7.0,4.0,No,13.0,9.0,0
4.0,Yes,3.0,1.0,Yes,5.0,0.0,1
2.0,No,4.0,4.0,No,7.0,5.0,0
8.0,Yes,0.0,2.0,Yes,0.0,0.0,1
2.0,No,6.0,5.0,No,8.0,8.0,0
1.0,No,5.0,4.0,No,14.0,3.0,1
8.0,Yes,3.0,2.0,Yes,3.0,0.0,1
4.0,Yes,3.0,1.0,Yes,3.0,0.0,1
6.0,Yes,0.0,2.0,Yes,4.0,0.0,1
0.0,No,4.0,7.0,No,13.0,6.0,0
2.0,No,9.0,7.0,No,9.0,4.0,0
9.0,Yes,1.0,0.0,Yes,4.0,1.0,1
0.0,No,4.0,6.0,No,8.0,8.0,0
8.0,Yes,0.0,2.0,Yes,4.0,0.0,1
4.0,Yes,2.0,1.0,Yes,3.0,1.0,1
7.0,Yes,0.0,1.0,Yes,2.0,2.0,1
9.0,Yes,1.0,0.0,Yes,1.0,0.0,1
4.0,Yes,2.0,2.0,Yes,2.0,1.0,1
10.0,Yes,3.0,1.0,Yes,3.0,2.0,1
11.0,Yes,1.0,0.0,Yes,3.0,1.0,1
5.0,Yes,3.0,2.0,Yes,1.0,0.0,1
0.0,No,8.0,7.0,No,11.0,7.0,0
2.0,No,9.0,6.0,No,7.0,3.0,0
10.0,Yes,2.0,1.0,Yes,2.0,1.0,1
9.0,Yes,1.0,1.0,Yes,0.0,1.0,1
11.0,Yes,2.0,0.0,Yes,3.0,2.0,0
11.0,Yes,0.0,1.0,Yes,3.0,0.0,0
4.0,Yes,2.0,2.0,Yes,5.0,0.0,0
11.0,Yes,0.0,0.0,Yes,1.0,1.0,1
3.0,No,5.0,5.0,No,11.0,9.0,0
0.0,No,4.0,4.0,No,14.0,7.0,0
0.0,No,8.0,4.0,No,14.0,5.0,0
3.0,No,5.0,4.0,No,11.0,8.0,0
3.0,No,9.0,3.0,No,11.0,4.0,0
5.0,Yes,0.0,0.0,Yes,2.0,0.0,1
6.0,Yes,0.0,1.0,Yes,5.0,2.0,1
4.0,Yes,0.0,2.0,Yes,0.0,1.0,0
2.0,No,8.0,6.0,No,14.0,3.0,1
0.0,No,4.0,6.0,No,11.0,4.0,0
2.0,No,6.0,7.0,No,7.0,8.0,0
4.0,Yes,2.0,0.0,Yes,1.0,1.0,0
1.0,No,7.0,4.0,No,14.0,6.0,0
8.0,Yes,1.0,0.0,Yes,3.0,2.0,0
2.0,No,9.0,5.0,No,7.0,6.0,0
6.0,Yes,2.0,0.0,Yes,4.0,2.0,1
6.0,Yes,2.0,2.0,Yes,4.0,2.0,1
4.0,Yes,3.0,2.0,Yes,2.0,2.0,0
7.0,No,0.0,0.0,Yes,5.0,2.0,1
5.0,Yes,1.0,0.0,Yes,3.0,0.0,1
3.0,No,9.0,6.0,No,8.0,4.0,0
7.0,Yes,1.0,1.0,Yes,1.0,0.0,1
8.0,Yes,3.0,1.0,Yes,0.0,1.0,1
6.0,Yes,2.0,2.0,Yes,3.0,1.0,1
10.0,Yes,0.0,2.0,Yes,0.0,1.0,1
0.0,No,5.0,7.0,No,9.0,6.0,0
7.0,Yes,1.0,2.0,Yes,5.0,0.0,1
7.0,Yes,3.0,0.0,Yes,1.0,2.0,1
2.0,No,8.0,6.0,No,11.0,8.0,0
8.0,Yes,1.0,0.0,Yes,1.0,0.0,1
2.0,No,5.0,7.0,No,14.0,7.0,0
5.0,Yes,3.0,0.0,No,1.0,2.0,1
8.0,Yes,3.0,1.0,Yes,2.0,2.0,1
5.0,Yes,0.0,1.0,Yes,6.268862911795962,1.0,1
4.0,Yes,2.0,1.0,Yes,4.0,2.0,1
4.0,Yes,2.0,1.0,Yes,0.0,2.0,1
8.0,Yes,3.963354474982382,1.0,Yes,4.0,2.0,1
2.0,No,7.0,6.0,No,14.0,8.0,1
8.0,Yes,0.0,0.0,Yes,5.0,0.0,1
1.0,No,6.0,6.0,No,10.0,4.0,0
2.0,No,5.0,5.0,No,12.0,3.0,0
4.0,Yes,2.0,2.0,Yes,3.0,1.0,1
6.0,Yes,3.0,1.0,Yes,5.0,1.0,1
11.0,Yes,2.0,0.0,Yes,5.0,0.0,1
4.0,Yes,3.0,2.0,Yes,0.0,0.0,1
2.0,No,9.0,4.0,No,12.0,6.0,0
8.0,Yes,0.0,1.0,Yes,3.0,0.0,1
3.0,No,6.0,7.0,No,10.0,8.0,0
3.0,No,5.0,6.0,No,11.0,6.0,0
0.0,No,5.0,6.0,No,11.0,8.0,0
1.0,No,7.0,5.0,No,11.0,3.0,0
2.0,No,5.0,6.0,No,9.0,8.0,1
7.0,Yes,1.0,0.0,Yes,4.0,0.0,1
10.0,Yes,2.0,0.0,Yes,1.0,1.0,1
9.0,No,0.0,2.0,Yes,3.0,0.0,1
11.0,Yes,3.0,2.0,Yes,5.0,0.0,1
2.0,No,7.0,6.0,No,13.0,8.0,0
0.0,No,7.0,7.0,No,13.0,6.0,1
4.0,Yes,0.0,1.0,Yes,4.0,1.0,1
1.0,No,5.0,7.0,No,12.0,3.0,0
0.0,No,7.0,5.0,No,9.0,4.0,0
8.0,Yes,1.0,0.0,Yes,1.0,0.0,1
1.0,No,4.0,4.0,No,7.0,5.0,0
0.0,No,4.0,4.0,No,8.0,6.0,0
9.0,Yes,2.0,1.0,Yes,3.0,1.0,1
2.0,No,9.0,6.0,No,11.0,5.0,0
2.0,No,9.0,7.0,No,10.0,6.0,0
5.0,Yes,3.0,2.0,Yes,0.0,1.0,1
9.0,Yes,1.0,0.0,Yes,2.0,1.0,1
11.0,Yes,1.0,1.0,Yes,5.0,1.0,1
2.0,No,7.0,5.0,No,14.0,9.0,0
0.0,No,6.0,5.0,No,7.0,5.0,0
5.0,Yes,1.0,1.0,Yes,1.0,0.0,1
4.505816002819881,No,4.0,4.0,No,11.0,3.0,1
7.0,Yes,2.0,1.0,Yes,0.0,3.564726631393298,1
3.0,No,9.0,5.0,No,9.0,5.0,1
2.0,No,4.0,5.0,No,14.0,7.0,1
8.0,Yes,1.0,0.0,Yes,1.0,0.0,1
2.0,No,7.0,4.0,No,9.0,4.0,0
0.0,No,7.0,6.0,No,11.0,7.0,0
2.0,No,9.0,5.0,No,12.0,5.0,0
10.0,Yes,2.0,0.0,Yes,2.0,1.0,1
1.0,No,4.0,5.0,No,7.0,7.0,0
2.0,No,4.0,6.0,No,8.0,3.0,0
6.0,Yes,0.0,0.0,Yes,3.0,1.0,1
9.0,Yes,2.0,2.0,Yes,3.0,0.0,1
7.0,Yes,3.0,2.0,Yes,0.0,0.0,1
10.0,Yes,3.0,0.0,Yes,3.0,1.0,1
10.0,Yes,1.0,2.0,Yes,4.0,2.0,1
1.0,No,8.0,6.0,No,12.0,5.0,0
3.0,No,9.0,5.0,No,12.0,7.0,0
8.0,Yes,1.0,0.0,Yes,5.0,2.0,1
1.0,No,9.0,6.0,No,10.0,8.0,0
1.0,No,8.0,5.0,No,12.0,4.0,0
3.0,No,8.0,4.0,No,10.0,4.0,0
1.0,No,8.0,4.0,No,10.0,4.0,0
8.0,Yes,0.0,0.0,Yes,2.0,0.0,1
3.0,No,3.963354474982382,6.0,No,10.0,6.0,0
3.0,No,8.0,5.0,No,9.0,4.0,0
7.0,Yes,3.0,1.0,Yes,2.0,0.0,1
0.0,No,7.0,4.0,No,11.0,4.0,0
8.0,Yes,1.0,0.0,Yes,0.0,0.0,1
11.0,Yes,0.0,0.0,Yes,0.0,0.0,0
5.0,Yes,3.0,0.0,Yes,0.0,1.0,1
1.0,No,5.0,7.0,No,13.0,7.0,0
7.0,Yes,2.0,2.0,Yes,1.0,2.0,1
1.0,No,4.0,6.0,No,6.0,6.0,0
2.0,No,8.0,6.0,No,10.0,6.0,0
4.0,Yes,2.0,0.0,Yes,4.0,0.0,1
2.0,No,6.0,4.0,No,8.0,5.0,1
11.0,Yes,0.0,0.0,Yes,3.0,0.0,1
11.0,Yes,1.0,2.0,Yes,5.0,2.0,1
3.0,No,6.0,6.0,No,8.0,6.0,0
6.0,Yes,2.0,1.0,Yes,6.268862911795962,0.0,1
9.0,Yes,1.0,1.0,Yes,5.0,2.0,1
3.0,No,7.0,4.0,No,13.0,3.0,0
4.0,Yes,1.0,2.0,Yes,1.0,2.0,1
4.0,Yes,3.0,1.0,Yes,3.0,1.0,1
0.0,No,4.0,4.0,No,12.0,8.0,0
10.0,Yes,1.0,1.0,Yes,4.0,2.0,1
3.0,No,5.0,5.0,No,10.0,9.0,0
3.0,No,7.0,5.0,No,6.0,4.0,0
10.0,Yes,0.0,0.0,Yes,2.0,1.0,1
7.0,Yes,1.0,0.0,Yes,1.0,1.0,1
3.0,No,9.0,7.0,No,10.0,6.0,0
11.0,Yes,2.0,1.0,Yes,0.0,0.0,1
2.0,No,5.0,7.0,No,12.0,9.0,0
4.0,Yes,3.0,0.0,Yes,1.0,0.0,1
0.0,No,9.0,4.0,No,13.0,8.0,1
3.0,No,3.963354474982382,6.0,No,12.0,6.0,0
3.0,No,6.0,7.0,No,11.0,3.564726631393298,0
6.0,Yes,0.0,1.0,Yes,3.0,0.0,1
0.0,No,5.0,5.0,No,10.0,9.0,0
7.0,Yes,2.0,1.0,Yes,2.0,2.0,1
11.0,Yes,3.0,0.0,Yes,5.0,2.0,1
0.0,No,8.0,4.0,No,13.0,5.0,0
10.0,Yes,1.0,2.0,Yes,4.0,1.0,1
2.0,No,7.0,6.0,No,14.0,7.0,0
10.0,Yes,3.0,1.0,Yes,1.0,0.0,1
7.0,Yes,0.0,2.0,Yes,0.0,2.0,1
11.0,Yes,3.0,1.0,Yes,1.0,2.0,1
0.0,No,5.0,4.0,No,12.0,5.0,0
6.0,Yes,1.0,0.0,Yes,6.268862911795962,0.0,1
4.505816002819881,No,7.0,5.0,No,11.0,6.0,0
4.0,Yes,1.0,1.0,Yes,0.0,1.0,1
8.0,Yes,0.0,2.0,Yes,2.0,2.0,1
10.0,Yes,1.0,2.0,Yes,4.0,1.0,1
7.0,Yes,2.0,0.0,Yes,3.0,1.0,1
11.0,Yes,1.0,2.0,Yes,1.0,0.0,1
9.0,Yes,0.0,1.0,Yes,4.0,1.0,1
1.0,No,9.0,3.0,No,14.0,7.0,0
7.0,Yes,0.0,2.0,Yes,3.0,0.0,1
9.0,Yes,2.0,0.0,Yes,1.0,2.0,1
7.0,Yes,3.0,1.0,Yes,1.0,1.0,1
1.0,No,6.0,6.0,No,8.0,3.0,0
2.0,No,9.0,6.0,No,11.0,7.0,0
7.0,Yes,1.0,1.0,Yes,5.0,0.0,1
10.0,Yes,3.0,2.0,Yes,4.0,1.0,1
10.0,Yes,0.0,2.0,Yes,0.0,1.0,1
10.0,Yes,3.0,0.0,Yes,2.0,2.0,1
10.0,Yes,2.0,0.0,Yes,3.0,1.0,1
8.0,Yes,0.0,0.0,Yes,5.0,2.0,1
6.0,Yes,2.0,1.0,Yes,5.0,2.0,1
10.0,Yes,0.0,1.0,Yes,4.0,0.0,1
7.0,Yes,0.0,1.0,Yes,1.0,2.0,1
0.0,No,6.0,4.0,No,11.0,7.0,0
1.0,No,4.0,6.0,No,8.0,7.0,1
2.0,No,5.0,6.0,No,8.0,7.0,0
8.0,Yes,3.0,0.0,Yes,3.0,0.0,1
0.0,No,5.0,7.0,No,10.0,6.0,0
9.0,Yes,1.0,1.0,Yes,1.0,2.0,1
0.0,No,4.0,7.0,No,11.0,3.0,0
1.0,No,9.0,7.0,No,14.0,9.0,0
7.0,Yes,3.0,0.0,Yes,3.0,0.0,0
9.0,No,3.0,1.0,Yes,5.0,1.0,1
7.0,Yes,2.0,2.0,Yes,3.0,1.0,1
11.0,Yes,1.0,1.0,Yes,1.0,0.0,1
0.0,No,9.0,7.0,No,14.0,7.0,0
7.0,Yes,3.0,2.0,Yes,3.0,1.0,1
1.0,No,6.0,4.0,No,10.0,6.0,0
5.0,Yes,0.0,2.0,Yes,5.0,2.0,1
10.0,No,1.0,2.0,Yes,3.0,2.0,1
3.0,No,8.0,5.0,No,13.0,8.0,0
4.0,Yes,0.0,1.0,Yes,4.0,1.0,1
8.0,Yes,2.0,2.0,Yes,1.0,0.0,1
3.0,No,4.0,6.0,No,8.0,3.0,0
8.0,Yes,3.0,0.0,Yes,4.0,0.0,1
0.0,No,5.0,4.0,No,9.0,9.0,0
5.0,Yes,0.0,2.0,Yes,5.0,2.0,1
0.0,No,4.0,7.0,No,7.0,6.0,0
1.0,No,6.0,4.0,No,12.0,8.0,0
0.0,No,4.0,5.0,No,11.0,8.0,0
9.0,Yes,1.0,0.0,Yes,1.0,0.0,1
8.0,Yes,1.0,1.0,Yes,0.0,1.0,1
5.0,Yes,1.0,2.0,Yes,4.0,2.0,1
9.0,Yes,3.0,2.0,Yes,5.0,2.0,1
1.0,No,6.0,7.0,No,8.0,9.0,0
0.0,No,8.0,7.0,No,9.0,8.0,0
7.0,Yes,1.0,2.0,Yes,4.0,2.0,1
1.0,No,7.0,7.0,No,14.0,4.0,0
3.0,No,5.0,4.0,No,7.0,3.0,0
3.0,No,9.0,6.0,No,13.0,6.0,0
0.0,No,5.0,7.0,No,8.0,8.0,0
10.0,Yes,3.0,2.0,Yes,0.0,2.0,1
5.0,Yes,2.0,3.0,Yes,4.0,3.564726631393298,1
2.0,No,7.0,5.0,No,13.0,6.0,0
7.0,Yes,0.0,0.0,Yes,4.0,2.0,1
4.0,Yes,2.0,2.0,Yes,5.0,1.0,1
5.0,Yes,3.0,1.0,Yes,3.0,1.0,1
10.0,Yes,3.0,2.0,Yes,4.0,2.0,1
6.0,Yes,1.0,2.0,Yes,5.0,0.0,1
3.0,No,4.0,6.0,No,13.0,7.0,0
11.0,Yes,3.0,2.0,Yes,4.0,1.0,1
9.0,Yes,1.0,1.0,Yes,2.0,0.0,1
3.0,No,6.0,5.0,No,12.0,3.0,0
2.0,No,8.0,6.0,No,10.0,7.0,0
9.0,Yes,0.0,1.0,Yes,3.0,1.0,1
1.0,No,6.0,6.0,No,10.0,3.0,0
2.0,No,4.0,7.0,No,14.0,6.0,0
1.0,No,5.0,5.0,No,10.0,5.0,0
0.0,No,7.0,4.0,No,14.0,6.0,0
1.0,No,5.0,5.0,No,8.0,6.0,0
4.505816002819881,No,4.0,6.0,No,7.0,9.0,0
7.0,Yes,3.0,0.0,Yes,4.0,1.0,1
9.0,Yes,2.0,1.0,Yes,1.0,0.0,1
3.0,No,5.0,5.0,No,6.0,7.0,0
2.0,No,7.0,5.0,No,14.0,5.0,1
2.0,No,5.0,5.0,No,14.0,9.0,0
11.0,Yes,3.0,1.0,Yes,0.0,0.0,1
7.0,Yes,2.0,1.0,Yes,2.0,2.0,1
4.0,Yes,3.0,0.0,Yes,1.0,1.0,1
2.0,No,7.0,6.0,No,12.0,8.0,1
0.0,No,7.0,7.0,No,6.0,9.0,0
10.0,Yes,3.0,2.0,Yes,2.0,1.0,1
4.0,Yes,2.0,1.0,Yes,4.0,2.0,1
0.0,No,8.0,4.0,No,9.0,8.0,0
3.0,No,7.0,4.0,No,12.0,3.0,0
2.0,No,7.0,4.0,No,7.0,5.0,0
4.0,Yes,1.0,2.0,Yes,2.0,2.0,1
6.0,Yes,2.0,1.0,Yes,5.0,1.0,1
9.0,Yes,3.0,0.0,Yes,5.0,2.0,1
6.0,Yes,1.0,2.0,Yes,5.0,2.0,1
7.0,Yes,0.0,0.0,Yes,5.0,1.0,1
9.0,Yes,2.0,1.0,Yes,0.0,2.0,1
9.0,Yes,2.0,2.0,Yes,1.0,2.0,1
4.505816002819881,Yes,3.0,0.0,Yes,5.0,2.0,1
0.0,No,6.0,7.0,No,12.0,3.0,0
3.0,No,6.0,6.0,No,9.0,8.0,0
3.0,No,9.0,4.0,No,9.0,3.0,0
1.0,No,4.0,7.0,No,6.0,6.0,0
0.0,No,9.0,6.0,No,10.0,5.0,0
0.0,No,6.0,5.0,No,14.0,6.0,0
6.0,Yes,3.0,1.0,Yes,0.0,0.0,1
9.0,Yes,1.0,0.0,Yes,4.0,1.0,1
0.0,No,9.0,7.0,No,8.0,5.0,0
11.0,Yes,1.0,1.0,Yes,4.0,2.0,1
0.0,No,8.0,7.0,No,9.0,7.0,0
2.0,No,7.0,4.0,No,10.0,7.0,0
4.0,Yes,0.0,0.0,Yes,3.0,2.0,1
0.0,No,5.0,7.0,No,6.0,7.0,0
2.0,No,7.0,5.0,No,14.0,5.0,0
4.505816002819881,Yes,3.0,0.0,Yes,5.0,0.0,1
6.0,Yes,1.0,0.0,Yes,4.0,2.0,0
7.0,Yes,2.0,2.0,Yes,3.0,1.0,1
7.0,Yes,0.0,2.0,Yes,5.0,1.0,1
3.0,No,5.0,6.0,No,12.0,3.0,0
0.0,No,9.0,5.0,No,11.0,3.0,0
5.0,Yes,0.0,0.0,Yes,3.0,1.0,1
1.0,No,6.0,7.0,No,8.0,6.0,1
5.0,Yes,0.0,0.0,Yes,4.0,0.0,1
0.0,No,6.0,7.0,No,8.0,7.0,0
3.0,No,4.0,4.0,No,11.0,3.0,0
1.0,No,4.0,5.0,No,13.0,5.0,0
7.0,Yes,3.0,0.0,Yes,1.0,2.0,1
8.0,Yes,3.963354474982382,0.0,Yes,5.0,1.0,1
6.0,Yes,1.0,1.0,Yes,0.0,0.0,1
3.0,No,8.0,4.0,No,14.0,3.0,0
11.0,Yes,0.0,2.0,Yes,2.0,2.0,1
10.0,Yes,0.0,2.0,Yes,4.0,2.0,1
1.0,No,6.0,6.0,No,6.0,6.0,0
2.0,No,7.0,7.0,No,13.0,7.0,0
8.0,Yes,0.0,0.0,Yes,0.0,0.0,1
5.0,Yes,2.0,1.0,Yes,4.0,0.0,1
6.0,Yes,1.0,2.0,Yes,5.0,0.0,0
10.0,Yes,2.0,0.0,Yes,3.0,1.0,1
1.0,No,5.0,7.0,No,6.0,9.0,0
3.0,No,5.0,4.0,No,8.0,9.0,0
3.0,No,7.0,4.0,No,6.0,6.0,0
5.0,Yes,2.0,2.0,Yes,0.0,2.0,1
5.0,Yes,2.0,0.0,Yes,0.0,1.0,1
1.0,No,6.0,6.0,No,7.0,5.0,0
9.0,Yes,0.0,0.0,Yes,3.0,2.0,1
3.0,No,9.0,6.0,No,10.0,4.0,0
8.0,Yes,1.0,2.0,Yes,5.0,1.0,1
0.0,No,4.0,5.0,No,8.0,5.0,1
0.0,No,8.0,6.0,No,10.0,7.0,0
9.0,Yes,0.0,2.0,Yes,0.0,2.0,1
11.0,Yes,0.0,1.0,Yes,3.0,0.0,0
1.0,No,6.0,5.0,No,9.0,5.0,0
0.0,No,4.0,4.0,No,11.0,4.0,0
9.0,Yes,3.0,1.0,Yes,2.0,2.0,1
3.0,No,7.0,6.0,No,14.0,9.0,0
2.0,No,6.0,7.0,No,14.0,8.0,0
7.0,Yes,3.0,0.0,Yes,1.0,0.0,1
10.0,Yes,3.0,0.0,Yes,0.0,0.0,1
2.0,No,7.0,6.0,No,7.0,6.0,0
6.0,Yes,2.0,2.0,Yes,2.0,1.0,1
2.0,No,4.0,4.0,No,11.0,7.0,0
11.0,Yes,1.0,1.0,Yes,0.0,2.0,1
7.0,Yes,3.963354474982382,0.0,Yes,1.0,0.0,1
1.0,No,6.0,6.0,No,9.0,4.0,1
2.0,No,9.0,5.0,No,8.0,4.0,0
9.0,Yes,2.0,0.0,Yes,4.0,1.0,1
1.0,No,8.0,5.0,No,10.0,4.0,0
7.0,Yes,0.0,2.0,Yes,5.0,1.0,0
3.0,No,4.0,4.0,No,9.0,3.0,0
8.0,Yes,3.0,1.0,Yes,3.0,0.0,1
0.0,No,4.0,4.0,No,7.0,7.0,1
1.0,No,8.0,6.0,No,12.0,5.0,0
6.0,Yes,1.0,1.0,Yes,4.0,2.0,1
1.0,No,4.0,4.0,No,10.0,6.0,0
6.0,Yes,2.0,2.0,Yes,0.0,2.0,0
3.0,No,8.0,6.0,No,7.0,5.0,0
7.0,Yes,2.0,0.0,Yes,0.0,2.0,1
3.0,No,5.0,7.0,No,11.0,3.0,1
11.0,Yes,1.0,2.0,Yes,4.0,2.0,1
8.0,Yes,3.0,0.0,Yes,0.0,0.0,1
3.0,No,9.0,6.0,No,10.0,4.0,0
2.0,No,9.0,4.0,No,11.0,7.0,0
9.0,Yes,2.0,2.0,Yes,3.0,0.0,1
4.0,Yes,3.0,0.0,Yes,5.0,1.0,1
7.0,Yes,1.0,0.0,Yes,2.0,2.0,1
5.0,Yes,3.0,1.0,Yes,1.0,1.0,0
2.0,No,4.0,5.0,No,13.0,9.0,0
10.0,Yes,2.0,2.0,Yes,0.0,2.0,1
5.0,Yes,0.0,2.0,Yes,4.0,1.0,1
6.0,Yes,1.0,2.0,Yes,3.0,2.0,0
8.0,Yes,2.0,2.0,Yes,0.0,0.0,1
0.0,No,4.0,4.0,No,6.0,5.0,0
2.0,No,9.0,6.0,No,10.0,7.0,0
10.0,Yes,1.0,0.0,Yes,1.0,1.0,1
4.505816002819881,No,9.0,6.0,No,8.0,8.0,0
5.0,Yes,1.0,1.0,Yes,4.0,1.0,1
0.0,No,6.0,7.0,No,14.0,8.0,0
2.0,No,6.0,6.0,No,7.0,4.0,0
0.0,No,9.0,6.0,No,8.0,3.0,0
7.0,Yes,0.0,3.0,Yes,0.0,2.0,1
0.0,No,8.0,7.0,No,13.0,7.0,0
3.0,No,4.0,6.0,No,6.0,6.0,0
2.0,No,5.0,6.0,No,13.0,9.0,0
4.0,Yes,1.0,1.0,Yes,5.0,1.0,1
10.0,Yes,1.0,2.0,Yes,2.0,2.0,1
9.0,Yes,3.0,0.0,Yes,4.0,1.0,1
0.0,No,8.0,6.0,No,11.0,4.0,0
3.0,No,4.0,6.0,No,7.0,4.0,0
3.0,No,9.0,7.0,No,7.0,4.0,0
5.0,Yes,0.0,2.0,Yes,3.0,1.0,1
10.0,Yes,2.0,2.0,Yes,5.0,1.0,1
10.0,Yes,2.0,1.0,Yes,4.0,2.0,1
0.0,No,4.0,4.0,No,14.0,8.0,0
8.0,Yes,0.0,0.0,Yes,2.0,0.0,1
2.0,No,4.0,4.0,No,11.0,9.0,0
4.0,Yes,2.0,2.0,Yes,5.0,1.0,1
5.0,Yes,3.0,1.0,Yes,3.0,1.0,1
1.0,No,5.0,7.0,No,9.0,7.0,0
11.0,Yes,2.0,1.0,Yes,5.0,2.0,1
3.0,No,8.0,6.0,No,12.0,4.0,0
3.0,No,9.0,5.0,No,7.0,4.0,0
2.0,No,6.0,4.0,No,6.0,9.0,0
0.0,No,4.0,5.0,No,7.0,8.0,1
1.0,No,4.0,6.0,No,13.0,4.0,0
11.0,Yes,0.0,1.0,Yes,4.0,0.0,1
11.0,Yes,0.0,2.0,Yes,0.0,0.0,1
2.0,No,6.0,4.0,No,7.0,6.0,0
3.0,No,3.963354474982382,5.0,No,8.0,7.0,0
2.0,No,4.0,5.0,No,13.0,6.0,0
6.0,Yes,0.0,0.0,Yes,1.0,2.0,1
5.0,No,0.0,0.0,Yes,3.0,2.0,1
0.0,No,5.0,6.0,No,12.0,7.0,0
0.0,No,6.0,4.0,No,10.0,3.0,0
3.0,No,7.0,6.0,No,6.0,6.0,0
2.0,No,4.0,5.0,No,14.0,7.0,0
7.0,Yes,2.0,2.0,Yes,3.0,0.0,1
5.0,Yes,0.0,0.0,Yes,5.0,2.0,1
3.0,No,4.0,6.0,No,7.0,8.0,0
2.0,No,7.0,4.0,No,12.0,3.0,0
8.0,Yes,1.0,0.0,Yes,4.0,2.0,1
1.0,No,4.0,4.0,No,11.0,5.0,0
1.0,No,9.0,4.0,No,9.0,7.0,0
10.0,Yes,0.0,0.0,Yes,6.268862911795962,0.0,1
3.0,No,7.0,5.0,No,8.0,6.0,0
9.0,Yes,3.0,0.0,Yes,3.0,1.0,1
9.0,Yes,0.0,0.0,Yes,3.0,2.0,1
6.0,Yes,0.0,0.0,Yes,0.0,1.0,1
4.505816002819881,Yes,1.0,0.0,Yes,3.0,2.0,0
0.0,No,5.0,5.0,No,10.0,8.0,0
3.0,No,5.0,5.0,No,6.0,6.0,0
9.0,Yes,1.0,2.0,Yes,0.0,2.0,0
10.0,Yes,1.0,0.0,Yes,3.0,1.0,1
3.0,No,8.0,6.0,No,14.0,6.0,0
1.0,No,7.0,5.0,No,11.0,3.0,0
7.0,Yes,2.0,2.0,Yes,0.0,1.0,1
3.0,No,6.0,5.0,No,10.0,4.0,0
6.0,Yes,2.0,1.0,Yes,0.0,1.0,1
8.0,Yes,1.0,2.0,Yes,4.0,0.0,1
4.0,Yes,2.0,1.0,No,3.0,0.0,1
9.0,Yes,3.0,2.0,Yes,4.0,0.0,0
10.0,Yes,3.0,2.0,Yes,2.0,0.0,1
3.0,No,6.0,7.0,No,6.0,9.0,0
0.0,No,8.0,5.0,No,9.0,5.0,0
0.0,No,4.0,4.0,No,7.0,4.0,0
7.0,Yes,0.0,2.0,Yes,3.0,2.0,1
7.0,Yes,3.963354474982382,1.0,Yes,0.0,2.0,1
8.0,Yes,3.0,1.0,Yes,2.0,2.0,1
3.0,No,7.0,5.0,No,14.0,3.0,0
2.0,No,5.0,7.0,No,12.0,4.0,0
4.0,Yes,1.0,0.0,Yes,1.0,2.0,1
8.0,Yes,2.0,2.0,Yes,4.0,0.0,1
3.0,No,7.0,6.0,No,6.0,3.0,0
10.0,Yes,3.0,1.0,Yes,5.0,0.0,1
10.0,Yes,2.0,0.0,Yes,5.0,1.0,1
5.0,No,0.0,1.0,Yes,4.0,0.0,1
6.0,Yes,3.0,1.0,Yes,0.0,1.0,1
1.0,No,6.0,5.0,No,10.0,8.0,0
0.0,No,9.0,5.0,No,11.0,8.0,0
1.0,No,9.0,5.0,No,8.0,8.0,0
9.0,Yes,0.0,0.0,Yes,2.0,0.0,1
0.0,No,6.0,4.0,No,7.0,5.0,0
2.0,No,7.0,7.0,No,11.0,3.0,0
11.0,Yes,3.0,2.0,Yes,3.0,2.0,1
1.0,No,9.0,4.0,No,10.0,3.0,0
1.0,No,6.0,6.0,No,12.0,8.0,1
1.0,No,5.0,5.0,No,11.0,6.0,0
7.0,Yes,2.0,0.0,Yes,2.0,0.0,1
1.0,No,4.0,6.0,No,10.0,4.0,0
5.0,Yes,2.0,0.0,Yes,1.0,1.0,1
3.0,No,7.0,6.0,No,6.0,5.0,0
10.0,Yes,0.0,2.0,Yes,3.0,1.0,1
1.0,No,8.0,5.0,No,14.0,7.0,0
1.0,No,7.0,4.0,No,10.0,4.0,0
7.0,Yes,3.0,1.0,Yes,2.0,1.0,1
0.0,No,6.0,4.0,No,8.0,6.0,0
0.0,No,8.0,5.0,No,9.0,3.0,0
1.0,No,6.0,5.0,No,8.0,3.0,0
3.0,No,4.0,4.0,No,12.0,3.0,0
2.0,No,7.0,7.0,No,10.0,8.0,0
2.0,No,3.963354474982382,4.0,No,12.0,5.0,1
1.0,No,9.0,4.0,No,7.0,7.0,0
3.0,No,8.0,7.0,No,10.0,3.564726631393298,0
1.0,No,7.0,4.0,No,7.0,3.0,0
5.0,Yes,1.0,0.0,Yes,3.0,2.0,1
5.0,Yes,2.0,2.0,Yes,0.0,0.0,1
0.0,No,5.0,4.0,No,6.0,8.0,0
1.0,No,8.0,4.0,No,9.0,7.0,0
11.0,Yes,2.0,2.0,Yes,4.0,2.0,1
7.0,Yes,1.0,2.0,Yes,2.0,0.0,1
3.0,No,5.0,7.0,No,10.0,7.0,0
9.0,Yes,3.0,2.0,Yes,1.0,2.0,1
5.0,No,3.0,0.0,Yes,4.0,0.0,1
11.0,Yes,2.0,2.0,Yes,5.0,1.0,1
0.0,No,6.0,7.0,No,8.0,7.0,0
4.0,Yes,2.0,2.0,Yes,2.0,2.0,1
0.0,No,7.0,5.0,No,13.0,4.0,0
3.0,No,6.0,5.0,No,14.0,3.0,0
10.0,Yes,0.0,2.0,Yes,4.0,0.0,1
2.0,No,9.0,4.0,No,14.0,3.0,0
8.0,Yes,0.0,1.0,Yes,5.0,0.0,1
0.0,No,5.0,7.0,No,12.0,9.0,0
1.0,No,8.0,4.0,No,9.0,5.0,0
11.0,Yes,2.0,1.0,Yes,3.0,1.0,0
6.0,Yes,2.0,2.0,Yes,0.0,0.0,1
0.0,No,5.0,5.0,No,10.0,3.0,0
11.0,Yes,2.0,2.0,Yes,5.0,0.0,1
1.0,No,6.0,6.0,No,11.0,6.0,0
2.0,No,9.0,4.0,No,11.0,7.0,0
3.0,No,4.0,7.0,No,12.0,9.0,0
1.0,No,5.0,7.0,No,7.0,9.0,0
1.0,No,4.0,4.0,No,11.0,3.0,0
0.0,No,7.0,7.0,No,9.0,9.0,0
4.0,Yes,2.0,0.0,Yes,4.0,1.0,1
0.0,No,4.0,3.0,No,14.0,5.0,0
7.0,Yes,0.0,0.0,Yes,1.0,2.0,1
11.0,Yes,2.0,2.0,Yes,5.0,0.0,1
10.0,Yes,2.0,1.0,Yes,4.0,1.0,1
0.0,No,4.0,5.0,No,14.0,7.0,0
0.0,No,8.0,5.0,No,11.0,6.0,0
3.0,No,8.0,6.0,No,6.0,9.0,0
0.0,No,7.0,7.0,No,6.268862911795962,3.0,0
0.0,No,6.0,5.0,No,9.0,6.0,0
5.0,Yes,0.0,2.0,Yes,2.0,2.0,1
11.0,Yes,1.0,1.0,Yes,0.0,1.0,1
5.0,Yes,0.0,2.0,Yes,3.0,2.0,0
0.0,No,6.0,5.0,No,14.0,3.0,0
0.0,No,6.0,4.0,No,6.0,7.0,0
2.0,No,9.0,7.0,No,8.0,5.0,0
7.0,Yes,3.0,2.0,Yes,2.0,1.0,1
4.0,Yes,3.0,2.0,Yes,3.0,2.0,1
1.0,No,9.0,6.0,No,14.0,7.0,0
3.0,No,9.0,7.0,No,12.0,5.0,1
5.0,Yes,3.0,2.0,Yes,2.0,2.0,1
5.0,Yes,3.0,0.0,Yes,0.0,1.0,1
8.0,Yes,2.0,0.0,Yes,2.0,0.0,0
1.0,No,4.0,4.0,No,14.0,6.0,0
9.0,Yes,0.0,1.0,Yes,2.0,0.0,1
9.0,Yes,1.0,0.0,Yes,2.0,1.0,1
8.0,Yes,2.0,1.0,Yes,5.0,2.0,1
2.0,No,7.0,4.0,No,9.0,8.0,0
10.0,Yes,2.0,2.0,Yes,5.0,2.0,0
6.0,Yes,3.0,1.0,Yes,4.0,0.0,1
3.0,No,5.0,6.0,No,14.0,3.0,0
3.0,No,5.0,5.0,No,6.0,4.0,0
1.0,No,5.0,4.0,No,14.0,7.0,0
5.0,Yes,1.0,0.0,Yes,0.0,3.564726631393298,1
0.0,No,7.0,6.0,No,8.0,4.0,0
5.0,Yes,0.0,2.0,Yes,1.0,1.0,1
9.0,Yes,1.0,1.0,Yes,2.0,2.0,1
10.0,Yes,2.0,0.0,Yes,5.0,2.0,1
4.0,Yes,1.0,2.0,Yes,3.0,2.0,1
10.0,Yes,1.0,1.0,Yes,4.0,1.0,1
1.0,No,6.0,5.0,No,14.0,3.0,0
11.0,Yes,3.0,1.0,Yes,0.0,2.0,1
7.0,Yes,2.0,1.0,Yes,4.0,0.0,1
6.0,Yes,1.0,0.0,Yes,1.0,0.0,1
2.0,No,6.0,5.0,No,8.0,7.0,0
2.0,No,9.0,7.0,No,7.0,8.0,0
11.0,Yes,1.0,1.0,Yes,4.0,0.0,1
0.0,No,5.0,3.0,No,9.0,4.0,0
3.0,No,8.0,5.0,No,8.0,9.0,0
2.0,No,9.0,4.0,No,6.0,6.0,0
2.0,No,9.0,5.0,No,13.0,7.0,1
6.0,Yes,2.0,2.0,Yes,5.0,2.0,1
4.0,Yes,3.0,2.0,Yes,3.0,2.0,1
11.0,Yes,0.0,1.0,Yes,1.0,2.0,0
1.0,No,9.0,3.0,No,8.0,7.0,0
3.0,No,9.0,5.0,No,7.0,4.0,0
7.0,Yes,1.0,1.0,Yes,2.0,0.0,1
0.0,No,7.0,4.0,No,13.0,8.0,0
2.0,No,7.0,4.0,No,11.0,7.0,0
10.0,Yes,2.0,2.0,Yes,1.0,1.0,1
8.0,Yes,1.0,1.0,Yes,1.0,0.0,1
5.0,Yes,2.0,2.0,Yes,5.0,2.0,1
9.0,Yes,3.963354474982382,0.0,Yes,4.0,0.0,1
1.0,No,4.0,5.0,No,14.0,4.0,0
4.0,Yes,0.0,1.0,Yes,1.0,1.0,1
6.0,Yes,0.0,1.0,Yes,3.0,2.0,1
1.0,No,4.0,4.0,No,7.0,6.0,0
5.0,Yes,0.0,2.0,No,2.0,0.0,1
10.0,Yes,0.0,2.0,Yes,4.0,1.0,1
4.0,Yes,2.0,0.0,Yes,1.0,1.0,1
11.0,Yes,3.963354474982382,2.0,Yes,3.0,2.0,1
3.0,No,6.0,4.0,No,13.0,8.0,0
8.0,Yes,0.0,0.0,Yes,1.0,1.0,1
3.0,No,6.0,5.0,No,9.0,4.0,0
2.0,No,5.0,4.0,No,11.0,3.0,0
4.0,Yes,2.0,2.0,Yes,4.0,1.0,1
2.0,No,7.0,4.0,No,10.0,4.0,0
11.0,Yes,2.0,0.0,Yes,4.0,0.0,1
4.0,Yes,3.0,2.0,Yes,1.0,0.0,1
8.0,Yes,0.0,0.0,Yes,1.0,2.0,0
0.0,No,4.0,6.0,No,6.0,6.0,0
7.0,Yes,2.0,1.0,Yes,1.0,0.0,0
11.0,Yes,1.0,2.0,Yes,4.0,0.0,1
5.0,Yes,2.0,1.0,Yes,6.268862911795962,2.0,1
3.0,No,5.0,4.0,No,5.0,5.0,0
2.0,No,8.0,7.0,No,14.0,7.0,1
7.0,Yes,1.0,0.0,Yes,5.0,0.0,1
2.0,No,4.0,5.0,No,14.0,8.0,0
9.0,Yes,0.0,2.0,Yes,4.0,0.0,1
3.0,No,7.0,6.0,No,8.0,5.0,0
11.0,Yes,1.0,3.0,Yes,4.0,2.0,1
3.0,No,9.0,3.0,No,8.0,6.0,0
4.0,Yes,0.0,1.0,Yes,5.0,3.564726631393298,1
1.0,No,5.0,6.0,No,11.0,3.0,0
0.0,No,7.0,4.0,No,8.0,4.0,0
8.0,Yes,1.0,0.0,Yes,2.0,0.0,1
1.0,No,4.0,3.0,No,6.0,5.0,0
0.0,No,4.0,3.0,No,15.0,5.0,0
3.0,No,9.0,5.0,No,14.0,6.0,0
1.0,No,9.0,5.0,No,10.0,5.0,0
2.0,No,9.0,6.0,No,9.0,6.0,0
1.0,No,7.0,5.0,No,6.268862911795962,4.0,0
9.0,Yes,3.963354474982382,0.0,Yes,3.0,1.0,1
11.0,Yes,1.0,1.0,Yes,3.0,2.0,1
7.0,No,1.0,0.0,Yes,5.0,2.0,1
5.0,Yes,2.0,1.0,Yes,3.0,1.0,1
9.0,Yes,3.0,1.0,Yes,2.0,0.0,1
5.0,Yes,0.0,0.0,No,1.0,2.0,1
1.0,No,4.0,4.0,No,10.0,3.564726631393298,0
8.0,Yes,3.0,2.0,Yes,3.0,0.0,1
9.0,Yes,0.0,3.0,Yes,5.0,1.0,1
3.0,No,8.0,4.0,No,8.0,3.0,0
10.0,Yes,3.0,3.0,Yes,4.0,0.0,1
2.0,No,9.0,6.0,No,6.0,7.0,0
7.0,Yes,2.0,1.0,Yes,5.0,2.0,1
1.0,No,5.0,6.0,No,11.0,5.0,0
2.0,No,6.0,3.0,No,7.0,4.0,0
5.0,Yes,0.0,1.0,Yes,3.0,1.0,1
8.0,Yes,2.0,2.0,Yes,1.0,2.0,1
2.0,No,4.0,5.0,No,9.0,3.0,0
3.0,No,9.0,4.0,No,7.0,3.564726631393298,0
3.0,No,7.0,3.0,No,8.0,6.0,0
2.0,No,4.0,3.0,No,11.0,6.0,0
7.0,Yes,0.0,1.0,Yes,2.0,2.0,1
4.505816002819881,Yes,3.0,2.0,Yes,5.0,2.0,1
10.0,Yes,2.0,1.0,Yes,5.0,0.0,1
1.0,No,8.0,4.0,No,11.0,4.0,0
1.0,No,6.0,3.0,No,10.0,8.0,0
10.0,Yes,0.0,1.0,Yes,2.0,2.0,1
8.0,Yes,0.0,0.0,Yes,5.0,3.564726631393298,1
5.0,Yes,0.0,0.0,No,5.0,1.0,1
8.0,Yes,3.963354474982382,0.0,Yes,3.0,0.0,1
3.0,No,6.0,5.0,No,9.0,6.0,0
3.0,No,8.0,4.0,No,8.0,4.0,0
3.0,No,7.0,4.0,No,12.0,5.0,0
0.0,No,8.0,6.0,No,10.0,4.0,0
8.0,Yes,1.0,0.0,Yes,1.0,0.0,1
3.0,No,4.0,6.0,No,13.0,3.0,0
0.0,No,5.0,6.0,No,5.0,4.0,0
1.0,No,5.0,6.0,No,12.0,7.0,0
3.0,No,6.0,5.0,No,6.0,5.0,0
1.0,No,4.0,5.0,No,6.268862911795962,6.0,0
2.0,No,8.0,5.0,No,9.0,6.0,0
2.0,No,9.0,5.0,No,10.0,9.0,1
10.0,Yes,2.0,0.0,Yes,5.0,2.0,1
11.0,Yes,2.0,0.0,Yes,6.268862911795962,0.0,1
11.0,Yes,1.0,2.0,No,4.0,2.0,1
3.0,No,6.0,5.0,No,7.0,6.0,0
4.505816002819881,Yes,2.0,1.0,Yes,5.0,0.0,1
1.0,No,9.0,6.0,No,12.0,4.0,0
1.0,No,7.0,3.0,No,12.0,3.0,0
4.0,Yes,1.0,2.0,Yes,2.0,2.0,1
4.0,Yes,3.0,1.0,Yes,4.0,1.0,1
0.0,No,4.0,3.0,No,14.0,9.0,0
9.0,Yes,2.0,1.0,Yes,2.0,0.0,1
7.0,Yes,3.0,2.0,Yes,2.0,1.0,1
8.0,Yes,0.0,2.0,Yes,4.0,1.0,1
6.0,Yes,1.0,2.0,Yes,1.0,1.0,1
2.0,No,4.0,3.0,No,6.268862911795962,5.0,0
1.0,No,7.0,4.0,No,13.0,4.0,0
4.505816002819881,No,7.0,4.0,No,8.0,7.0,0
3.0,No,6.0,4.0,No,5.0,7.0,0
2.0,No,5.0,6.0,No,11.0,9.0,0
4.0,No,3.0,0.0,No,2.0,0.0,1
0.0,No,9.0,3.0,No,12.0,8.0,0
3.0,No,9.0,5.0,No,11.0,6.0,0
3.0,No,6.0,6.0,No,10.0,8.0,0
2.0,No,4.0,4.0,No,6.0,4.0,0
8.0,Yes,0.0,2.0,No,4.0,2.0,1
5.0,Yes,2.0,2.0,Yes,3.0,2.0,1
11.0,Yes,3.0,0.0,Yes,3.0,0.0,1
8.0,Yes,0.0,2.0,Yes,3.0,2.0,1
9.0,Yes,0.0,0.0,Yes,2.0,1.0,0
2.0,No,5.0,3.0,No,12.0,3.0,0
7.0,Yes,0.0,2.0,Yes,1.0,2.0,1
7.0,Yes,1.0,1.0,Yes,2.0,1.0,0
5.0,Yes,0.0,1.0,Yes,3.0,2.0,1
5.0,Yes,0.0,0.0,Yes,1.0,1.0,1
5.0,Yes,1.0,1.0,Yes,4.0,3.564726631393298,1
9.0,Yes,1.0,0.0,Yes,2.0,0.0,1
0.0,No,7.0,5.0,No,7.0,9.0,0
10.0,Yes,1.0,2.0,Yes,5.0,1.0,1
3.0,No,8.0,3.0,No,8.0,3.564726631393298,0
3.0,No,9.0,5.0,No,14.0,7.0,0
9.0,Yes,0.0,1.0,Yes,5.0,1.0,1
1.0,No,9.0,6.0,No,13.0,7.0,0
3.0,No,4.0,5.0,No,11.0,3.564726631393298,0
8.0,Yes,1.0,2.0,Yes,5.0,1.0,1
2.0,No,7.0,6.0,No,12.0,8.0,0
11.0,Yes,1.0,1.0,Yes,2.0,2.0,1
10.0,Yes,3.0,2.0,Yes,1.0,2.0,1
9.0,Yes,2.0,1.0,Yes,5.0,1.0,1
1.0,No,9.0,3.0,No,8.0,5.0,0
3.0,No,8.0,6.0,No,11.0,3.0,0
10.0,Yes,0.0,1.0,Yes,4.0,0.0,1
6.0,Yes,3.0,2.0,Yes,3.0,0.0,1
3.0,No,9.0,3.0,No,5.0,3.0,0
9.0,Yes,3.0,2.0,Yes,3.0,2.0,1
1.0,No,8.0,7.0,No,14.0,6.0,1
2.0,No,4.0,4.0,No,9.0,3.0,0
4.505816002819881,No,8.0,4.0,No,6.0,5.0,0
8.0,Yes,2.0,0.0,Yes,5.0,1.0,1
0.0,No,6.0,3.0,No,7.0,7.0,0
4.505816002819881,No,3.963354474982382,5.0,No,14.0,5.0,0
8.0,Yes,0.0,0.0,Yes,4.0,0.0,1
0.0,No,5.0,6.0,No,9.0,6.0,0
9.0,Yes,1.0,1.0,Yes,2.0,2.0,1
8.0,Yes,1.0,2.0,Yes,1.0,0.0,0
1.0,No,9.0,6.0,No,13.0,9.0,0
3.0,No,4.0,6.0,No,9.0,8.0,0
11.0,Yes,3.0,1.0,Yes,4.0,2.0,1
2.0,No,7.0,4.0,No,12.0,4.0,0
11.0,Yes,3.0,1.0,Yes,2.0,0.0,1
8.0,Yes,1.0,0.0,Yes,5.0,2.0,1
7.0,Yes,1.0,1.0,Yes,3.0,0.0,1
0.0,No,7.0,4.0,No,5.0,5.0,0
2.0,No,9.0,5.0,No,6.0,5.0,0
7.0,Yes,3.0,2.0,Yes,5.0,1.0,1
1.0,No,7.0,6.0,No,13.0,7.0,0
5.0,Yes,0.0,1.0,Yes,5.0,2.0,1
2.0,No,5.0,3.0,No,12.0,3.0,0
6.0,Yes,2.0,0.0,Yes,5.0,0.0,1
4.505816002819881,No,4.0,3.0,No,6.0,7.0,0
7.0,Yes,2.0,1.0,Yes,1.0,2.0,1
1.0,No,4.0,3.0,No,12.0,7.0,0
8.0,Yes,1.0,1.0,Yes,3.0,0.0,1
10.0,Yes,3.963354474982382,0.0,Yes,1.0,1.0,1
2.0,No,8.0,6.0,No,14.0,9.0,1
1.0,No,8.0,3.0,No,6.0,8.0,0
3.0,No,4.0,4.0,No,14.0,4.0,0
11.0,Yes,3.0,2.0,Yes,5.0,2.0,1
1.0,No,7.0,6.0,No,6.268862911795962,8.0,0
3.0,No,6.0,4.0,No,7.0,5.0,0
2.0,No,4.0,6.0,No,11.0,7.0,0
3.0,No,5.0,5.0,No,8.0,8.0,0
7.0,Yes,1.0,2.0,Yes,5.0,2.0,1
9.0,Yes,3.0,1.0,Yes,3.0,0.0,1
0.0,No,5.0,6.0,No,14.0,3.0,0
2.0,No,5.0,3.0,No,12.0,8.0,0
2.0,No,7.0,3.0,No,14.0,6.0,0
6.0,Yes,1.0,2.0,Yes,4.0,2.0,1
4.0,Yes,2.0,1.0,Yes,3.0,2.0,1
11.0,Yes,0.0,2.0,Yes,3.0,0.0,0
1.0,No,7.0,6.0,No,13.0,6.0,0
0.0,No,8.0,6.0,No,11.0,3.0,0
9.0,Yes,1.0,0.0,Yes,2.0,0.0,0
3.0,No,7.0,4.0,No,6.0,9.0,0
11.0,Yes,2.0,0.0,Yes,3.0,2.0,1
5.0,Yes,2.0,1.0,Yes,1.0,0.0,1
2.0,No,8.0,6.0,No,15.0,7.0,0
3.0,No,9.0,4.0,No,10.0,5.0,0
11.0,Yes,0.0,2.0,Yes,1.0,2.0,1
8.0,Yes,2.0,0.0,Yes,5.0,1.0,1
0.0,No,5.0,6.0,No,10.0,4.0,0
10.0,Yes,2.0,2.0,Yes,3.0,0.0,1
4.505816002819881,Yes,2.0,0.0,Yes,4.0,0.0,1
3.0,No,5.0,4.0,No,9.0,5.0,0
0.0,No,7.0,3.0,No,13.0,6.0,0
1.0,No,5.0,4.0,No,7.0,6.0,0
4.505816002819881,No,0.0,2.0,Yes,6.268862911795962,2.0,1
3.0,No,7.0,3.0,No,9.0,4.0,0
9.0,Yes,2.0,1.0,Yes,2.0,0.0,1
7.0,Yes,3.0,1.0,Yes,1.0,0.0,1
2.0,No,7.0,4.0,No,13.0,5.0,0
2.0,No,3.963354474982382,4.0,No,15.0,3.0,0
10.0,Yes,0.0,0.0,Yes,2.0,1.0,0
2.0,No,9.0,5.0,No,6.268862911795962,5.0,0
0.0,No,7.0,3.0,No,6.0,3.564726631393298,0
6.0,Yes,3.0,2.0,Yes,1.0,3.564726631393298,1
11.0,Yes,2.0,2.0,Yes,3.0,1.0,1
4.0,Yes,2.0,1.0,Yes,5.0,2.0,1
4.0,Yes,0.0,0.0,Yes,6.268862911795962,3.564726631393298,1
3.0,No,7.0,3.0,No,11.0,3.0,0
4.505816002819881,Yes,3.0,0.0,Yes,2.0,3.564726631393298,1
0.0,No,9.0,5.0,No,15.0,9.0,0
2.0,No,6.0,4.0,No,6.268862911795962,8.0,0
1.0,No,9.0,6.0,No,9.0,8.0,0
4.505816002819881,No,6.0,3.0,No,15.0,6.0,0
0.0,No,3.963354474982382,6.0,No,12.0,8.0,0
4.505816002819881,No,9.0,5.0,No,10.0,3.0,0
6.0,Yes,3.963354474982382,3.0,Yes,3.0,1.0,1
2.0,No,4.0,6.0,No,8.0,7.0,0
10.0,Yes,1.0,2.0,Yes,1.0,2.0,1
7.0,Yes,2.0,0.0,Yes,4.0,2.0,1
2.0,No,7.0,4.0,No,12.0,8.0,0
8.0,No,0.0,0.0,Yes,1.0,0.0,1
8.0,Yes,0.0,0.0,Yes,2.0,1.0,0
2.0,No,4.0,5.0,No,13.0,6.0,0
2.0,No,7.0,6.0,No,12.0,4.0,0
4.0,Yes,0.0,3.0,Yes,1.0,2.0,1
10.0,Yes,2.0,0.0,Yes,1.0,1.0,1
3.0,No,6.0,5.0,No,6.0,7.0,0
10.0,Yes,0.0,0.0,Yes,4.0,0.0,1
2.0,No,7.0,3.0,No,9.0,7.0,0
0.0,No,8.0,3.0,No,8.0,5.0,0
7.0,Yes,2.0,1.0,Yes,1.0,2.0,0
10.0,Yes,2.0,1.0,Yes,4.0,1.0,1
10.0,Yes,2.0,0.0,Yes,3.0,1.0,1
3.0,No,8.0,4.0,No,12.0,7.0,0
6.0,Yes,1.0,0.0,No,5.0,2.0,1
7.0,Yes,2.0,2.0,Yes,4.0,1.0,1
7.0,Yes,2.0,0.0,Yes,2.0,1.0,0
1.0,No,5.0,5.0,No,11.0,3.0,0
0.0,No,9.0,4.0,No,10.0,3.0,0
1.0,No,4.0,3.0,No,10.0,4.0,0
6.0,Yes,3.0,2.0,Yes,4.0,1.0,1
4.505816002819881,No,4.0,3.0,No,5.0,5.0,0
10.0,Yes,0.0,1.0,Yes,3.0,2.0,0
8.0,Yes,0.0,1.0,Yes,1.0,1.0,1
0.0,No,9.0,6.0,No,15.0,6.0,0
3.0,No,4.0,4.0,No,11.0,7.0,0
0.0,No,4.0,6.0,No,14.0,5.0,0
1.0,No,9.0,3.0,No,6.268862911795962,7.0,0
0.0,No,4.0,3.0,No,12.0,7.0,0
6.0,Yes,2.0,2.0,Yes,1.0,2.0,1
8.0,Yes,3.0,2.0,Yes,3.0,2.0,1
0.0,No,9.0,3.0,No,5.0,6.0,0
2.0,No,7.0,6.0,No,12.0,7.0,0
4.505816002819881,No,8.0,6.0,No,5.0,7.0,0
1.0,No,7.0,3.0,No,9.0,3.0,0
2.0,No,9.0,5.0,No,11.0,3.0,0
2.0,No,7.0,4.0,No,6.0,4.0,0
3.0,No,9.0,3.0,No,8.0,4.0,0
0.0,No,6.0,5.0,No,12.0,6.0,0
0.0,No,4.0,6.0,No,14.0,5.0,0
2.0,No,4.0,5.0,No,6.268862911795962,9.0,0
0.0,No,4.0,4.0,No,6.0,5.0,0
6.0,Yes,0.0,1.0,Yes,2.0,2.0,1
9.0,Yes,0.0,0.0,Yes,4.0,2.0,1
7.0,Yes,1.0,3.0,No,5.0,1.0,1
0.0,No,9.0,5.0,No,12.0,4.0,0
4.0,Yes,0.0,1.0,Yes,4.0,3.564726631393298,1
6.0,Yes,0.0,2.0,Yes,5.0,2.0,1
1.0,No,8.0,3.0,No,5.0,9.0,0
10.0,Yes,0.0,2.0,Yes,6.268862911795962,1.0,1
3.0,No,8.0,4.0,No,15.0,4.0,0
7.0,Yes,2.0,0.0,Yes,1.0,0.0,1
9.0,Yes,1.0,1.0,Yes,4.0,1.0,1
3.0,No,6.0,5.0,No,13.0,9.0,0
10.0,Yes,3.0,2.0,Yes,2.0,2.0,1
4.0,Yes,1.0,0.0,Yes,2.0,0.0,1
2.0,No,7.0,3.0,No,12.0,3.0,0
0.0,No,7.0,5.0,No,14.0,6.0,0
5.0,No,3.0,2.0,Yes,3.0,2.0,1
2.0,No,6.0,4.0,No,15.0,3.0,0
4.0,Yes,1.0,0.0,Yes,2.0,1.0,1
4.0,Yes,2.0,0.0,Yes,5.0,1.0,1
0.0,No,9.0,6.0,No,12.0,5.0,0
2.0,No,6.0,3.0,No,6.268862911795962,4.0,0
2.0,No,9.0,4.0,No,15.0,5.0,0
10.0,Yes,0.0,2.0,Yes,4.0,1.0,0
0.0,No,8.0,4.0,No,14.0,7.0,0
1.0,No,8.0,3.0,No,14.0,6.0,0
8.0,Yes,2.0,2.0,Yes,6.268862911795962,1.0,1
3.0,No,4.0,3.0,No,15.0,9.0,0
9.0,Yes,3.0,0.0,Yes,5.0,1.0,1
7.0,Yes,0.0,0.0,Yes,1.0,0.0,1
8.0,Yes,1.0,0.0,Yes,5.0,2.0,1
10.0,Yes,2.0,2.0,Yes,2.0,1.0,1
3.0,No,8.0,5.0,No,14.0,3.0,0
4.505816002819881,No,9.0,5.0,No,9.0,6.0,0
2.0,No,7.0,5.0,No,5.0,6.0,0
10.0,Yes,3.0,0.0,Yes,3.0,0.0,1
0.0,No,6.0,7.0,No,13.0,9.0,1
8.0,Yes,0.0,2.0,Yes,4.0,1.0,1
11.0,Yes,1.0,0.0,Yes,2.0,2.0,1
0.0,No,8.0,6.0,No,9.0,3.0,0
11.0,Yes,0.0,0.0,Yes,2.0,2.0,0
3.0,No,6.0,3.0,No,6.0,5.0,0
9.0,Yes,3.963354474982382,2.0,Yes,4.0,1.0,1
0.0,No,9.0,5.0,No,11.0,6.0,0
0.0,No,4.0,6.0,No,8.0,3.0,0
1.0,No,5.0,6.0,No,10.0,3.0,0
2.0,No,6.0,4.0,No,8.0,8.0,0
10.0,Yes,2.0,1.0,Yes,4.0,1.0,1
6.0,Yes,0.0,1.0,Yes,3.0,2.0,1
11.0,Yes,0.0,2.0,Yes,2.0,0.0,1
2.0,No,8.0,4.0,No,15.0,4.0,0
7.0,Yes,2.0,2.0,Yes,4.0,2.0,1
8.0,Yes,2.0,2.0,Yes,1.0,0.0,1
4.0,Yes,3.963354474982382,0.0,Yes,1.0,2.0,1
10.0,Yes,1.0,2.0,Yes,3.0,0.0,1
0.0,No,9.0,3.0,No,11.0,4.0,0
3.0,No,9.0,3.0,No,6.268862911795962,5.0,0
2.0,No,9.0,4.0,No,6.268862911795962,8.0,0
8.0,Yes,3.0,1.0,Yes,1.0,2.0,1
3.0,No,9.0,3.0,No,7.0,5.0,0
1.0,No,5.0,3.0,No,12.0,9.0,0
9.0,Yes,2.0,2.0,Yes,1.0,0.0,1
8.0,Yes,0.0,2.0,No,5.0,0.0,1
11.0,Yes,3.0,0.0,Yes,4.0,0.0,1
2.0,No,4.0,6.0,No,7.0,4.0,0
2.0,No,4.0,4.0,No,8.0,8.0,0
1.0,No,8.0,6.0,No,12.0,8.0,1
9.0,Yes,3.0,0.0,Yes,5.0,1.0,1
0.0,No,8.0,5.0,No,15.0,8.0,0
3.0,No,5.0,6.0,No,5.0,9.0,0
1.0,No,5.0,6.0,No,10.0,6.0,0
1.0,No,5.0,4.0,No,12.0,9.0,0
10.0,Yes,3.0,1.0,Yes,3.0,2.0,1
9.0,Yes,3.0,1.0,Yes,3.0,1.0,1
0.0,No,8.0,5.0,No,5.0,3.0,0
4.0,Yes,1.0,0.0,Yes,5.0,0.0,1
8.0,Yes,2.0,2.0,Yes,2.0,2.0,0
1.0,No,4.0,5.0,No,11.0,8.0,0
10.0,Yes,0.0,0.0,Yes,1.0,2.0,0
7.0,Yes,3.0,1.0,Yes,2.0,1.0,1
3.0,No,8.0,6.0,No,10.0,8.0,0
10.0,Yes,3.0,0.0,Yes,6.268862911795962,2.0,1
3.0,No,5.0,6.0,No,11.0,9.0,0
1.0,No,5.0,4.0,No,12.0,4.0,0
10.0,Yes,2.0,0.0,Yes,4.0,0.0,1
2.0,No,4.0,5.0,No,5.0,4.0,0
0.0,No,5.0,4.0,No,10.0,8.0,0
0.0,No,8.0,7.0,No,11.0,7.0,1
8.0,Yes,3.0,0.0,Yes,5.0,2.0,1
4.0,Yes,3.963354474982382,2.0,Yes,3.0,0.0,1
6.0,Yes,1.0,3.0,Yes,3.0,0.0,1
6.0,Yes,0.0,1.0,Yes,4.0,2.0,1
0.0,No,4.0,4.0,No,11.0,4.0,0
8.0,Yes,0.0,2.0,Yes,1.0,2.0,1
5.0,Yes,2.0,2.0,Yes,6.268862911795962,0.0,1
2.0,No,8.0,3.0,No,5.0,6.0,0
6.0,Yes,0.0,2.0,Yes,1.0,1.0,1
10.0,Yes,2.0,1.0,Yes,3.0,1.0,0
7.0,Yes,0.0,1.0,Yes,1.0,0.0,1
9.0,Yes,3.0,2.0,Yes,4.0,0.0,1
2.0,No,5.0,6.0,No,7.0,6.0,0
0.0,No,7.0,5.0,No,13.0,7.0,0
1.0,No,8.0,3.0,No,8.0,9.0,0
1.0,No,4.0,3.0,No,10.0,5.0,0
1.0,No,9.0,3.0,No,8.0,7.0,0
10.0,Yes,0.0,0.0,Yes,2.0,0.0,1
11.0,Yes,3.0,2.0,Yes,4.0,1.0,1
2.0,No,7.0,4.0,No,9.0,6.0,0
3.0,No,9.0,4.0,No,5.0,6.0,0
11.0,Yes,1.0,2.0,Yes,2.0,2.0,0
4.505816002819881,Yes,0.0,1.0,Yes,2.0,0.0,1
7.0,Yes,2.0,0.0,Yes,2.0,1.0,1
4.505816002819881,No,8.0,4.0,No,12.0,4.0,0
9.0,Yes,0.0,1.0,Yes,2.0,3.564726631393298,1
0.0,No,6.0,5.0,No,10.0,3.564726631393298,0
3.0,No,9.0,6.0,No,12.0,7.0,0
6.0,Yes,0.0,1.0,Yes,4.0,1.0,1
1.0,No,4.0,6.0,No,11.0,6.0,0
3.0,No,4.0,6.0,No,14.0,6.0,0
6.0,Yes,1.0,0.0,Yes,2.0,3.564726631393298,1
2.0,No,9.0,3.0,No,6.0,7.0,0
1.0,No,8.0,3.0,No,5.0,9.0,0
4.505816002819881,No,7.0,3.0,No,15.0,7.0,0
7.0,Yes,0.0,2.0,Yes,4.0,2.0,1
10.0,Yes,2.0,2.0,Yes,2.0,1.0,0
10.0,Yes,0.0,0.0,No,3.0,2.0,1
8.0,Yes,0.0,0.0,Yes,2.0,1.0,1
3.0,No,8.0,5.0,No,11.0,6.0,0
5.0,Yes,3.0,1.0,Yes,1.0,2.0,1
8.0,Yes,3.0,1.0,Yes,3.0,2.0,1
3.0,No,7.0,4.0,No,13.0,3.0,0
2.0,No,5.0,6.0,No,11.0,4.0,0
0.0,No,5.0,3.0,No,14.0,5.0,0
0.0,No,3.963354474982382,5.0,No,9.0,6.0,0
10.0,Yes,2.0,2.0,Yes,3.0,0.0,1
4.0,Yes,2.0,1.0,Yes,4.0,0.0,1
10.0,Yes,2.0,0.0,Yes,2.0,1.0,1
0.0,No,5.0,3.0,No,8.0,6.0,0
0.0,No,6.0,6.0,No,10.0,3.0,0
1.0,No,3.963354474982382,5.0,No,6.0,9.0,0
3.0,No,8.0,4.0,No,9.0,8.0,0
8.0,Yes,1.0,1.0,Yes,2.0,1.0,1
1.0,No,9.0,3.0,No,7.0,8.0,0
9.0,Yes,0.0,0.0,Yes,3.0,0.0,1
0.0,No,6.0,3.0,No,6.0,5.0,0
10.0,Yes,3.0,1.0,Yes,1.0,2.0,1
3.0,No,6.0,4.0,No,6.268862911795962,6.0,0
6.0,Yes,0.0,0.0,Yes,2.0,2.0,1
10.0,Yes,2.0,1.0,Yes,2.0,1.0,1
9.0,Yes,3.0,2.0,Yes,5.0,2.0,1
0.0,No,5.0,3.0,No,15.0,5.0,0
0.0,No,5.0,4.0,No,11.0,3.564726631393298,0
5.0,Yes,3.0,1.0,Yes,4.0,2.0,1
9.0,Yes,0.0,2.0,Yes,1.0,2.0,1
3.0,No,5.0,4.0,No,10.0,6.0,0
4.0,Yes,0.0,1.0,No,6.268862911795962,0.0,1
3.0,No,7.0,4.0,No,15.0,7.0,0
3.0,No,5.0,6.0,No,12.0,3.564726631393298,0
2.0,No,8.0,6.0,No,10.0,9.0,1
4.0,Yes,0.0,2.0,Yes,4.0,0.0,1
0.0,No,5.0,6.0,No,13.0,8.0,0
11.0,Yes,2.0,2.0,Yes,2.0,2.0,1
4.505816002819881,Yes,3.0,0.0,Yes,5.0,2.0,1
0.0,No,6.0,6.0,No,8.0,7.0,0
1.0,No,6.0,5.0,No,6.268862911795962,9.0,0
2.0,No,5.0,4.0,No,5.0,4.0,0
0.0,No,7.0,3.0,No,8.0,7.0,0
6.0,Yes,1.0,0.0,Yes,2.0,0.0,1
5.0,Yes,1.0,0.0,Yes,4.0,2.0,1
1.0,No,6.0,5.0,No,13.0,3.0,0
0.0,No,5.0,3.0,No,5.0,8.0,0
5.0,Yes,3.0,3.0,Yes,1.0,0.0,1
3.0,No,8.0,6.0,No,15.0,5.0,0
8.0,Yes,2.0,1.0,Yes,6.268862911795962,2.0,1
0.0,No,7.0,5.0,No,11.0,9.0,0
5.0,Yes,3.0,0.0,Yes,5.0,1.0,1
7.0,Yes,2.0,1.0,Yes,4.0,2.0,1
5.0,Yes,3.0,0.0,Yes,5.0,0.0,1
0.0,No,7.0,7.0,No,14.0,8.0,1
2.0,No,9.0,5.0,No,14.0,7.0,1
0.0,No,6.0,5.0,No,12.0,5.0,0
3.0,No,8.0,6.0,No,6.0,7.0,0
3.0,No,5.0,6.0,No,7.0,4.0,0
0.0,No,4.0,5.0,No,9.0,6.0,0
10.0,Yes,0.0,0.0,Yes,5.0,3.564726631393298,1
4.0,Yes,0.0,0.0,Yes,1.0,1.0,1
1.0,No,8.0,3.0,No,14.0,9.0,0
10.0,Yes,1.0,0.0,Yes,5.0,2.0,1
3.0,No,6.0,4.0,No,8.0,6.0,0
7.0,Yes,1.0,2.0,Yes,4.0,2.0,1
0.0,No,8.0,3.0,No,11.0,4.0,0
5.0,Yes,1.0,1.0,Yes,5.0,0.0,1
3.0,No,6.0,5.0,No,13.0,8.0,0
3.0,No,6.0,5.0,No,10.0,6.0,0
2.0,No,9.0,3.0,No,10.0,3.564726631393298,0
11.0,Yes,0.0,2.0,Yes,2.0,1.0,1
3.0,No,6.0,4.0,No,13.0,3.0,0
2.0,No,5.0,4.0,No,13.0,3.0,0
3.0,No,7.0,5.0,No,13.0,5.0,0
0.0,No,8.0,4.0,No,5.0,3.0,0
2.0,No,4.0,5.0,No,8.0,3.0,0
4.0,Yes,2.0,1.0,Yes,3.0,1.0,1
7.0,Yes,1.0,1.0,Yes,3.0,0.0,0
9.0,Yes,0.0,1.0,Yes,4.0,0.0,0
7.0,Yes,2.0,2.0,Yes,3.0,1.0,0
6.0,Yes,0.0,2.0,Yes,1.0,2.0,1
8.0,Yes,2.0,0.0,Yes,1.0,2.0,1
1.0,No,7.0,6.0,No,6.268862911795962,4.0,0
11.0,Yes,0.0,2.0,Yes,3.0,1.0,0
11.0,Yes,1.0,1.0,Yes,1.0,1.0,1
1.0,No,8.0,5.0,No,8.0,5.0,0
2.0,No,6.0,7.0,No,9.0,5.0,1
4.0,Yes,3.0,2.0,Yes,5.0,0.0,1
8.0,Yes,2.0,1.0,Yes,5.0,1.0,1
6.0,Yes,2.0,2.0,No,3.0,1.0,1
0.0,No,7.0,5.0,No,8.0,6.0,0
0.0,No,9.0,6.0,No,9.0,9.0,1
0.0,No,9.0,6.0,No,11.0,5.0,0
1.0,No,6.0,5.0,No,6.0,6.0,0
3.0,No,7.0,3.0,No,5.0,6.0,0
1.0,No,3.963354474982382,5.0,No,9.0,5.0,0
4.505816002819881,Yes,0.0,1.0,Yes,1.0,0.0,1
0.0,No,7.0,4.0,No,9.0,8.0,0
3.0,No,6.0,3.0,No,6.0,3.0,0
6.0,Yes,1.0,0.0,Yes,6.268862911795962,1.0,1
1.0,No,7.0,3.0,No,8.0,8.0,0
2.0,No,9.0,5.0,No,7.0,8.0,0
0.0,No,7.0,3.0,No,12.0,4.0,0
2.0,No,5.0,3.0,No,13.0,4.0,0
1.0,No,8.0,4.0,No,5.0,4.0,0
9.0,Yes,1.0,0.0,Yes,4.0,1.0,1
0.0,No,8.0,4.0,No,14.0,6.0,0
0.0,No,4.0,5.0,No,5.0,6.0,0
10.0,Yes,2.0,2.0,Yes,2.0,1.0,1
4.0,No,2.0,1.0,Yes,4.0,1.0,1
2.0,No,7.0,5.0,No,14.0,7.0,1
8.0,Yes,2.0,0.0,Yes,1.0,1.0,0
2.0,No,4.0,4.0,No,8.0,6.0,0
6.0,Yes,3.0,2.0,Yes,2.0,1.0,1
0.0,No,3.963354474982382,4.0,No,7.0,8.0,0
10.0,Yes,2.0,1.0,Yes,1.0,0.0,1
3.0,No,9.0,3.0,No,15.0,6.0,0
10.0,Yes,0.0,2.0,Yes,4.0,1.0,0
2.0,No,5.0,3.0,No,14.0,7.0,0
10.0,Yes,2.0,1.0,Yes,3.0,0.0,1
6.0,Yes,3.0,1.0,Yes,4.0,1.0,1
4.505816002819881,Yes,0.0,0.0,Yes,4.0,0.0,1
4.0,Yes,0.0,2.0,Yes,1.0,0.0,1
3.0,No,6.0,3.0,No,14.0,6.0,0
0.0,No,8.0,4.0,No,14.0,8.0,0
3.0,No,9.0,3.0,No,14.0,4.0,0
2.0,No,9.0,4.0,No,7.0,6.0,0
2.0,No,8.0,5.0,No,13.0,6.0,0
2.0,No,7.0,3.0,No,15.0,3.0,0
2.0,No,5.0,5.0,No,12.0,6.0,0
0.0,No,6.0,3.0,No,13.0,4.0,0
5.0,Yes,3.0,0.0,Yes,1.0,0.0,1
10.0,Yes,2.0,2.0,Yes,1.0,0.0,1
9.0,Yes,0.0,2.0,Yes,2.0,2.0,1
8.0,Yes,0.0,0.0,Yes,4.0,0.0,0
2.0,No,5.0,4.0,No,11.0,4.0,0
5.0,Yes,1.0,2.0,Yes,3.0,2.0,1
2.0,No,8.0,6.0,No,7.0,4.0,0
1.0,No,4.0,5.0,No,12.0,5.0,0
9.0,Yes,3.0,3.0,Yes,2.0,0.0,1
4.0,Yes,0.0,1.0,Yes,3.0,0.0,1
2.0,No,4.0,6.0,No,5.0,8.0,0
0.0,No,4.0,4.0,No,12.0,5.0,0
0.0,No,5.0,3.0,No,14.0,5.0,0
2.0,No,7.0,4.0,No,14.0,6.0,0
7.0,Yes,2.0,0.0,Yes,3.0,2.0,0
3.0,No,5.0,4.0,No,10.0,5.0,0
1.0,No,4.0,3.0,No,8.0,8.0,0
3.0,No,8.0,5.0,No,10.0,3.564726631393298,0
7.0,Yes,2.0,0.0,Yes,3.0,1.0,1
9.0,Yes,1.0,0.0,Yes,1.0,1.0,1
9.0,Yes,0.0,0.0,Yes,5.0,0.0,1
1.0,No,7.0,3.0,No,6.0,9.0,0
2.0,No,8.0,5.0,No,8.0,5.0,0
2.0,No,7.0,3.0,No,6.268862911795962,6.0,0
7.0,Yes,3.0,2.0,Yes,2.0,2.0,1
4.0,Yes,0.0,0.0,Yes,2.0,0.0,1
8.0,Yes,2.0,1.0,Yes,5.0,1.0,1
5.0,Yes,0.0,1.0,Yes,2.0,2.0,1
3.0,No,4.0,3.0,No,9.0,7.0,0
0.0,No,7.0,7.0,No,12.0,5.0,1
10.0,Yes,1.0,0.0,Yes,5.0,1.0,1
2.0,No,4.0,6.0,No,11.0,5.0,0
9.0,Yes,0.0,2.0,Yes,1.0,0.0,1
2.0,No,8.0,5.0,No,8.0,9.0,0
3.0,No,8.0,3.0,No,11.0,7.0,0
5.0,Yes,0.0,1.0,Yes,4.0,1.0,1
1.0,No,9.0,4.0,No,5.0,8.0,0
0.0,No,9.0,5.0,No,14.0,5.0,0
7.0,Yes,2.0,2.0,Yes,4.0,1.0,0
5.0,Yes,0.0,1.0,Yes,4.0,2.0,1
1.0,No,9.0,5.0,No,7.0,8.0,0
2.0,No,9.0,6.0,No,12.0,5.0,0
8.0,Yes,0.0,2.0,Yes,1.0,1.0,1
4.0,Yes,2.0,2.0,Yes,2.0,2.0,1
1.0,No,4.0,3.0,No,6.0,4.0,0
2.0,No,8.0,4.0,No,5.0,4.0,0
8.0,Yes,3.0,2.0,Yes,5.0,0.0,1
0.0,No,8.0,3.0,No,11.0,4.0,0
4.0,Yes,2.0,0.0,Yes,5.0,1.0,1
4.0,Yes,2.0,2.0,Yes,2.0,0.0,1
10.0,Yes,0.0,0.0,Yes,1.0,1.0,1
4.0,Yes,2.0,0.0,Yes,3.0,0.0,1
6.0,Yes,2.0,0.0,Yes,5.0,2.0,1
11.0,Yes,1.0,0.0,Yes,4.0,0.0,1
3.0,No,4.0,3.0,No,13.0,3.564726631393298,0
11.0,Yes,0.0,2.0,Yes,4.0,2.0,1
9.0,Yes,0.0,2.0,Yes,5.0,2.0,1
2.0,No,5.0,3.0,No,7.0,5.0,0
0.0,No,9.0,4.0,No,13.0,4.0,0
2.0,No,5.0,6.0,No,12.0,8.0,0
9.0,Yes,3.0,2.0,Yes,6.268862911795962,2.0,1
7.0,Yes,3.963354474982382,0.0,Yes,1.0,0.0,1
5.0,Yes,1.0,0.0,Yes,5.0,1.0,1
10.0,Yes,3.0,0.0,Yes,3.0,1.0,1
8.0,Yes,2.0,2.0,Yes,3.0,1.0,1
9.0,Yes,3.0,2.0,Yes,4.0,2.0,1
7.0,Yes,3.0,2.0,Yes,6.268862911795962,2.0,1
6.0,No,3.0,3.0,Yes,3.0,1.0,1
9.0,Yes,3.0,0.0,Yes,1.0,2.0,1
7.0,Yes,1.0,0.0,Yes,1.0,0.0,1
5.0,Yes,1.0,0.0,Yes,5.0,1.0,1
7.0,Yes,0.0,0.0,Yes,1.0,2.0,0
0.0,No,6.0,6.0,No,15.0,9.0,0
0.0,No,7.0,7.0,No,11.0,6.0,1
0.0,No,5.0,3.0,No,11.0,9.0,0
2.0,No,8.0,6.0,No,14.0,6.0,0
5.0,Yes,0.0,0.0,Yes,2.0,1.0,1
0.0,No,8.0,5.0,No,10.0,5.0,0
10.0,Yes,0.0,0.0,Yes,3.0,0.0,0
9.0,Yes,3.0,3.0,Yes,4.0,2.0,1
4.505816002819881,Yes,3.0,0.0,Yes,2.0,1.0,1
1.0,No,7.0,5.0,No,14.0,9.0,0
8.0,Yes,2.0,1.0,Yes,1.0,1.0,0
9.0,Yes,0.0,2.0,Yes,3.0,1.0,1
6.0,Yes,1.0,0.0,Yes,1.0,1.0,1
8.0,Yes,3.0,0.0,Yes,6.268862911795962,1.0,1
0.0,No,6.0,6.0,No,11.0,8.0,0
1.0,No,8.0,5.0,No,8.0,9.0,0
10.0,Yes,1.0,1.0,Yes,5.0,0.0,1
7.0,Yes,3.0,0.0,Yes,5.0,2.0,1
1.0,No,9.0,3.0,No,9.0,5.0,0
10.0,Yes,0.0,1.0,Yes,2.0,1.0,1
4.0,Yes,3.0,3.0,Yes,3.0,2.0,1
0.0,No,8.0,4.0,No,6.0,4.0,0
3.0,No,6.0,3.0,No,10.0,7.0,0
3.0,No,9.0,6.0,No,15.0,6.0,0
3.0,No,6.0,3.0,No,15.0,3.564726631393298,0
0.0,No,8.0,6.0,No,11.0,5.0,1
10.0,Yes,2.0,0.0,Yes,5.0,0.0,1
2.0,No,7.0,5.0,No,15.0,7.0,0
6.0,Yes,1.0,2.0,Yes,4.0,0.0,1
6.0,Yes,1.0,1.0,Yes,2.0,0.0,1
11.0,Yes,3.0,2.0,Yes,3.0,1.0,1
6.0,Yes,2.0,0.0,Yes,5.0,0.0,1
5.0,Yes,2.0,0.0,Yes,4.0,0.0,1
8.0,Yes,2.0,2.0,Yes,3.0,1.0,1
5.0,Yes,0.0,2.0,Yes,1.0,2.0,1
2.0,No,8.0,5.0,No,13.0,7.0,1
3.0,No,8.0,5.0,No,15.0,7.0,0
11.0,Yes,2.0,2.0,Yes,1.0,2.0,0
1.0,No,4.0,4.0,No,8.0,8.0,0
0.0,No,9.0,5.0,No,15.0,7.0,0
1.0,No,6.0,5.0,No,10.0,4.0,0
11.0,Yes,2.0,2.0,Yes,5.0,0.0,1
2.0,No,4.0,5.0,No,13.0,3.0,0
1.0,No,5.0,4.0,No,7.0,3.0,0
3.0,No,7.0,3.0,No,12.0,6.0,0
9.0,Yes,1.0,1.0,Yes,1.0,0.0,1
9.0,Yes,1.0,1.0,Yes,4.0,1.0,1
11.0,No,0.0,2.0,Yes,3.0,2.0,1
10.0,Yes,3.0,1.0,Yes,4.0,1.0,1
1.0,No,6.0,6.0,No,12.0,4.0,0
1.0,No,8.0,3.0,No,6.0,7.0,0
4.0,Yes,1.0,1.0,Yes,4.0,1.0,1
1.0,No,6.0,6.0,No,12.0,5.0,0
1.0,No,7.0,6.0,No,12.0,4.0,0
9.0,Yes,0.0,3.0,Yes,3.0,2.0,1
11.0,Yes,0.0,2.0,Yes,3.0,0.0,1
10.0,Yes,3.0,2.0,Yes,1.0,2.0,1
6.0,Yes,3.0,0.0,Yes,2.0,0.0,1
10.0,Yes,3.963354474982382,2.0,No,1.0,2.0,1
10.0,Yes,0.0,1.0,Yes,4.0,2.0,1
8.0,Yes,2.0,0.0,Yes,1.0,1.0,1
9.0,Yes,0.0,2.0,Yes,3.0,1.0,1
1.0,No,7.0,4.0,No,6.0,5.0,0
7.0,Yes,1.0,1.0,Yes,2.0,2.0,1
9.0,Yes,1.0,1.0,Yes,1.0,2.0,0
4.0,Yes,3.0,3.0,Yes,3.0,1.0,1
3.0,No,8.0,4.0,No,12.0,6.0,0
5.0,Yes,2.0,0.0,Yes,4.0,3.564726631393298,1
8.0,Yes,3.0,0.0,Yes,2.0,1.0,1
3.0,No,5.0,6.0,No,10.0,9.0,0
3.0,No,9.0,4.0,No,11.0,5.0,0
3.0,No,9.0,6.0,No,9.0,8.0,0
5.0,Yes,3.0,1.0,Yes,3.0,1.0,1
10.0,Yes,0.0,0.0,Yes,2.0,0.0,1
2.0,No,5.0,3.0,No,12.0,4.0,0
0.0,No,9.0,3.0,No,13.0,4.0,0
11.0,Yes,2.0,2.0,Yes,4.0,0.0,0
1.0,No,8.0,3.0,No,13.0,6.0,0
5.0,Yes,2.0,3.0,Yes,2.0,0.0,1
3.0,No,4.0,5.0,No,10.0,5.0,0
7.0,Yes,2.0,0.0,Yes,3.0,1.0,1
0.0,No,7.0,6.0,No,8.0,5.0,1
4.0,Yes,3.0,1.0,Yes,5.0,0.0,1
0.0,No,4.0,3.0,No,10.0,5.0,0
8.0,Yes,0.0,1.0,Yes,4.0,2.0,1
0.0,No,6.0,5.0,No,11.0,5.0,1
2.0,No,9.0,6.0,No,9.0,8.0,0
6.0,Yes,3.0,2.0,Yes,5.0,1.0,1
1.0,No,9.0,6.0,No,10.0,9.0,0
11.0,Yes,1.0,0.0,Yes,3.0,1.0,1
2.0,No,6.0,6.0,No,5.0,5.0,0
2.0,No,3.963354474982382,5.0,No,9.0,8.0,0
7.0,Yes,0.0,2.0,Yes,1.0,2.0,1
9.0,Yes,0.0,1.0,Yes,4.0,2.0,1
10.0,Yes,1.0,0.0,Yes,5.0,2.0,1
5.0,Yes,1.0,0.0,Yes,4.0,0.0,1
0.0,No,9.0,6.0,No,5.0,3.0,0
0.0,No,7.0,6.0,No,14.0,7.0,1
2.0,No,8.0,3.0,No,12.0,5.0,0
4.505816002819881,Yes,2.0,2.0,Yes,5.0,2.0,1
0.0,No,4.0,6.0,No,13.0,7.0,0
8.0,Yes,1.0,2.0,Yes,3.0,0.0,0
0.0,No,9.0,5.0,No,6.0,7.0,0
1.0,No,9.0,4.0,No,15.0,3.564726631393298,0
9.0,Yes,0.0,2.0,Yes,1.0,2.0,1
7.0,Yes,2.0,0.0,Yes,4.0,1.0,1
3.0,No,8.0,5.0,No,6.268862911795962,8.0,0
0.0,No,4.0,6.0,No,13.0,8.0,0
2.0,No,4.0,6.0,No,7.0,5.0,0
5.0,Yes,3.0,0.0,Yes,4.0,0.0,1
0.0,No,9.0,3.0,No,13.0,5.0,0
1.0,No,7.0,3.0,No,15.0,4.0,0
9.0,Yes,2.0,2.0,Yes,3.0,2.0,1
4.0,Yes,0.0,1.0,Yes,5.0,0.0,1
7.0,Yes,2.0,1.0,Yes,3.0,0.0,0
0.0,No,8.0,6.0,No,7.0,8.0,0
9.0,Yes,2.0,0.0,Yes,2.0,1.0,0
6.0,Yes,3.0,0.0,Yes,5.0,2.0,1
11.0,Yes,0.0,1.0,Yes,1.0,1.0,0
9.0,Yes,2.0,1.0,Yes,4.0,1.0,1
9.0,Yes,2.0,0.0,Yes,3.0,1.0,1
5.0,Yes,0.0,2.0,Yes,6.268862911795962,1.0,1
0.0,No,7.0,4.0,No,5.0,3.0,0
10.0,Yes,1.0,0.0,Yes,4.0,1.0,0
3.0,No,6.0,4.0,No,12.0,5.0,0
7.0,Yes,0.0,1.0,Yes,2.0,0.0,1
2.0,No,7.0,6.0,No,12.0,4.0,0
7.0,Yes,1.0,2.0,Yes,1.0,2.0,1
3.0,No,7.0,3.0,No,12.0,9.0,0
9.0,Yes,0.0,0.0,Yes,2.0,2.0,1
5.0,Yes,3.0,1.0,Yes,2.0,0.0,1
5.0,Yes,3.0,1.0,Yes,3.0,2.0,1
11.0,Yes,0.0,2.0,Yes,2.0,2.0,1
3.0,No,4.0,5.0,No,7.0,6.0,0
0.0,No,8.0,6.0,No,14.0,9.0,0
5.0,Yes,2.0,2.0,Yes,2.0,2.0,1
3.0,No,4.0,4.0,No,13.0,4.0,0
9.0,Yes,2.0,1.0,Yes,5.0,0.0,1
3.0,No,4.0,6.0,No,10.0,7.0,0
1.0,No,8.0,3.0,No,8.0,8.0,0
8.0,Yes,0.0,2.0,Yes,2.0,0.0,0
9.0,Yes,0.0,0.0,Yes,1.0,1.0,1
0.0,No,9.0,3.0,No,15.0,3.564726631393298,0
4.505816002819881,No,7.0,5.0,No,6.0,7.0,0
7.0,Yes,2.0,1.0,Yes,6.268862911795962,1.0,1
5.0,Yes,0.0,0.0,Yes,3.0,0.0,1
3.0,No,8.0,4.0,No,6.268862911795962,9.0,0
0.0,No,6.0,3.0,No,6.268862911795962,7.0,0
0.0,No,4.0,5.0,No,6.0,3.0,0
3.0,No,7.0,5.0,No,15.0,6.0,0
3.0,No,7.0,5.0,No,14.0,7.0,0
6.0,Yes,3.0,2.0,Yes,5.0,0.0,1
9.0,Yes,3.0,1.0,Yes,1.0,2.0,1
10.0,Yes,1.0,3.0,Yes,2.0,2.0,1
2.0,No,7.0,3.0,No,6.268862911795962,9.0,0
9.0,Yes,3.0,0.0,Yes,1.0,0.0,1
0.0,No,5.0,4.0,No,14.0,7.0,0
2.0,No,4.0,4.0,No,10.0,5.0,0
0.0,No,9.0,5.0,No,5.0,3.0,0
9.0,Yes,1.0,0.0,No,1.0,1.0,1
0.0,No,9.0,3.0,No,10.0,3.564726631393298,0
9.0,Yes,1.0,2.0,Yes,5.0,2.0,1
1.0,No,8.0,5.0,No,5.0,9.0,0
2.0,No,8.0,5.0,No,8.0,6.0,1
8.0,Yes,1.0,1.0,Yes,1.0,2.0,1
0.0,No,5.0,4.0,No,9.0,4.0,0
7.0,Yes,1.0,1.0,Yes,3.0,1.0,1
5.0,Yes,3.0,0.0,Yes,1.0,1.0,1
1.0,No,8.0,5.0,No,6.268862911795962,9.0,0
2.0,No,6.0,5.0,No,7.0,3.0,0
2.0,No,6.0,6.0,No,8.0,5.0,0
3.0,No,5.0,6.0,No,12.0,7.0,0
0.0,No,4.0,5.0,No,15.0,4.0,0
4.0,Yes,2.0,0.0,Yes,2.0,1.0,1
8.0,No,3.0,2.0,Yes,4.0,2.0,1
11.0,Yes,3.0,1.0,Yes,4.0,0.0,1
10.0,Yes,2.0,2.0,Yes,1.0,2.0,0
2.0,No,9.0,6.0,No,12.0,9.0,0
6.0,Yes,3.963354474982382,0.0,Yes,5.0,1.0,1
11.0,Yes,2.0,2.0,Yes,2.0,0.0,1
0.0,No,6.0,4.0,No,14.0,8.0,0
5.0,Yes,1.0,0.0,Yes,5.0,0.0,1
2.0,No,7.0,4.0,No,15.0,8.0,0
0.0,No,3.963354474982382,4.0,No,10.0,4.0,0
0.0,No,9.0,6.0,No,8.0,7.0,0
10.0,Yes,1.0,1.0,Yes,2.0,2.0,1
3.0,No,5.0,6.0,No,13.0,7.0,0
1.0,No,7.0,4.0,No,12.0,5.0,0
2.0,No,6.0,3.0,No,15.0,5.0,0
0.0,No,7.0,5.0,No,8.0,3.0,0
0.0,No,6.0,3.0,No,10.0,8.0,0
2.0,No,9.0,3.0,No,8.0,3.564726631393298,0
11.0,Yes,2.0,2.0,Yes,5.0,2.0,1
1.0,No,6.0,3.0,No,11.0,8.0,0
4.505816002819881,No,5.0,3.0,No,15.0,3.0,0
4.0,Yes,2.0,1.0,Yes,3.0,0.0,1
2.0,No,8.0,5.0,No,8.0,9.0,0
1.0,No,4.0,6.0,No,6.0,7.0,0
3.0,No,4.0,4.0,No,14.0,3.0,0
1.0,No,7.0,5.0,No,14.0,8.0,1
9.0,Yes,2.0,1.0,Yes,2.0,2.0,1
2.0,No,6.0,3.0,No,9.0,8.0,0
0.0,No,4.0,6.0,No,6.0,6.0,0
4.0,Yes,1.0,1.0,Yes,3.0,2.0,1
3.0,No,4.0,5.0,No,6.0,3.564726631393298,0
0.0,No,6.0,4.0,No,10.0,3.0,0
3.0,No,6.0,5.0,No,14.0,6.0,0
3.0,No,8.0,6.0,No,11.0,8.0,0
5.0,Yes,1.0,2.0,Yes,3.0,3.564726631393298,1
10.0,Yes,2.0,2.0,Yes,4.0,0.0,1
9.0,Yes,2.0,0.0,Yes,5.0,0.0,1
3.0,No,7.0,3.0,No,12.0,7.0,0
5.0,Yes,3.0,1.0,Yes,5.0,2.0,1
7.0,Yes,0.0,1.0,Yes,2.0,2.0,1
8.0,Yes,3.0,0.0,Yes,5.0,3.564726631393298,1
2.0,No,7.0,5.0,No,8.0,3.564726631393298,0
0.0,No,5.0,3.0,No,9.0,5.0,0
10.0,No,3.0,0.0,Yes,4.0,0.0,1
9.0,Yes,2.0,1.0,Yes,2.0,0.0,1
1.0,No,7.0,4.0,No,7.0,9.0,0
5.0,Yes,0.0,2.0,Yes,5.0,1.0,1
7.0,Yes,3.0,2.0,No,4.0,0.0,1
10.0,Yes,2.0,2.0,Yes,4.0,2.0,1
10.0,Yes,0.0,0.0,Yes,4.0,1.0,1
5.0,Yes,0.0,2.0,Yes,3.0,0.0,1
1.0,No,5.0,3.0,No,6.0,7.0,0
5.0,Yes,0.0,1.0,Yes,4.0,2.0,1
1.0,No,9.0,5.0,No,7.0,3.0,0
8.0,Yes,3.963354474982382,2.0,Yes,3.0,2.0,1
0.0,No,5.0,5.0,No,6.268862911795962,4.0,0
1.0,No,5.0,6.0,No,12.0,3.0,0
11.0,Yes,3.0,1.0,Yes,5.0,2.0,1
2.0,No,4.0,5.0,No,11.0,7.0,0
4.505816002819881,Yes,2.0,1.0,Yes,2.0,2.0,1
11.0,Yes,2.0,0.0,Yes,4.0,1.0,0
7.0,Yes,0.0,3.0,Yes,2.0,1.0,1
4.505816002819881,Yes,3.0,2.0,Yes,2.0,2.0,1
11.0,Yes,1.0,2.0,Yes,3.0,0.0,1
9.0,Yes,2.0,0.0,Yes,1.0,0.0,0
0.0,No,9.0,4.0,No,5.0,4.0,0
3.0,No,9.0,4.0,No,8.0,8.0,0
7.0,Yes,0.0,0.0,Yes,2.0,1.0,1
3.0,No,4.0,3.0,No,12.0,3.0,0
9.0,Yes,1.0,2.0,No,5.0,1.0,1
3.0,No,8.0,4.0,No,13.0,6.0,0
5.0,Yes,2.0,2.0,Yes,1.0,1.0,1
11.0,Yes,1.0,0.0,No,2.0,0.0,1
7.0,Yes,1.0,0.0,Yes,2.0,0.0,1
1.0,No,7.0,5.0,No,6.0,3.0,0
4.505816002819881,No,7.0,6.0,No,12.0,8.0,0
6.0,Yes,3.963354474982382,2.0,Yes,1.0,1.0,1
1.0,No,8.0,5.0,No,9.0,6.0,0
7.0,Yes,0.0,2.0,Yes,5.0,1.0,1
1.0,No,9.0,3.0,No,6.0,8.0,0
5.0,Yes,3.0,1.0,Yes,4.0,1.0,1
11.0,Yes,1.0,0.0,Yes,4.0,1.0,1
1.0,No,8.0,6.0,No,12.0,3.0,0
11.0,Yes,0.0,0.0,Yes,4.0,1.0,1
9.0,Yes,2.0,2.0,Yes,5.0,2.0,1
3.0,No,6.0,3.0,No,8.0,7.0,0
3.0,No,6.0,4.0,No,11.0,9.0,0
9.0,Yes,1.0,0.0,Yes,5.0,2.0,1
9.0,Yes,3.963354474982382,2.0,Yes,6.268862911795962,0.0,1
0.0,No,9.0,5.0,No,6.0,7.0,0
8.0,Yes,2.0,2.0,Yes,6.268862911795962,1.0,1
10.0,Yes,2.0,0.0,Yes,5.0,2.0,1
6.0,Yes,0.0,3.0,Yes,5.0,2.0,1
10.0,Yes,2.0,0.0,Yes,2.0,1.0,0
1.0,No,4.0,5.0,No,10.0,4.0,0
8.0,Yes,0.0,2.0,Yes,1.0,2.0,1
4.0,Yes,3.0,2.0,Yes,3.0,2.0,1
10.0,Yes,3.963354474982382,2.0,Yes,5.0,1.0,1
1.0,No,6.0,6.0,No,7.0,3.0,0
10.0,Yes,3.963354474982382,0.0,Yes,1.0,0.0,1
5.0,Yes,0.0,1.0,Yes,5.0,2.0,1
0.0,No,6.0,6.0,No,7.0,7.0,0
6.0,Yes,3.0,0.0,Yes,4.0,0.0,1
2.0,No,7.0,5.0,No,10.0,5.0,0
9.0,Yes,2.0,0.0,Yes,3.0,0.0,1
8.0,Yes,3.0,0.0,Yes,4.0,2.0,1
8.0,Yes,0.0,1.0,Yes,3.0,2.0,1
10.0,Yes,0.0,0.0,Yes,3.0,1.0,0
3.0,No,6.0,4.0,No,11.0,5.0,0
0.0,No,7.0,3.0,No,8.0,5.0,0
1.0,No,9.0,5.0,No,14.0,9.0,1
2.0,No,9.0,5.0,No,14.0,4.0,0
6.0,Yes,2.0,1.0,Yes,2.0,2.0,1
6.0,Yes,3.0,1.0,Yes,4.0,1.0,1
0.0,No,5.0,6.0,No,5.0,5.0,0
11.0,Yes,3.0,2.0,Yes,4.0,1.0,1
10.0,Yes,3.0,2.0,No,3.0,2.0,1
8.0,Yes,3.0,0.0,Yes,4.0,1.0,1
9.0,Yes,1.0,2.0,Yes,3.0,0.0,1
1.0,No,9.0,5.0,No,8.0,7.0,1
0.0,No,8.0,4.0,No,10.0,3.0,0
7.0,Yes,3.963354474982382,2.0,Yes,1.0,2.0,1
1.0,No,5.0,5.0,No,10.0,3.0,0
2.0,No,8.0,3.0,No,6.0,6.0,0
6.0,Yes,2.0,0.0,Yes,2.0,0.0,1
9.0,Yes,0.0,2.0,Yes,1.0,1.0,1
9.0,Yes,2.0,1.0,Yes,4.0,0.0,1
2.0,No,9.0,4.0,No,8.0,7.0,0
8.0,Yes,2.0,1.0,Yes,1.0,2.0,1
1.0,No,5.0,5.0,No,9.0,8.0,0
7.0,Yes,1.0,1.0,Yes,1.0,1.0,1
2.0,No,9.0,3.0,No,6.0,3.0,0
4.0,Yes,1.0,1.0,Yes,1.0,2.0,1
11.0,Yes,0.0,1.0,Yes,3.0,0.0,1
0.0,No,7.0,3.0,No,6.0,6.0,0
0.0,No,7.0,5.0,No,10.0,4.0,0
7.0,Yes,0.0,2.0,Yes,2.0,0.0,1
4.505816002819881,No,6.0,3.0,No,12.0,5.0,0
3.0,No,5.0,6.0,No,15.0,5.0,0
9.0,Yes,2.0,2.0,Yes,1.0,2.0,0
3.0,No,8.0,6.0,No,7.0,9.0,0
6.0,Yes,2.0,2.0,Yes,4.0,0.0,1
4.0,Yes,2.0,1.0,No,2.0,2.0,1
4.0,Yes,3.0,1.0,Yes,3.0,1.0,1
3.0,No,7.0,4.0,No,8.0,4.0,0
1.0,No,8.0,5.0,No,11.0,7.0,0
4.0,Yes,2.0,1.0,Yes,2.0,2.0,1
5.0,Yes,0.0,1.0,Yes,4.0,1.0,1
2.0,No,8.0,4.0,No,9.0,8.0,0
0.0,No,5.0,3.0,No,14.0,7.0,0
10.0,Yes,0.0,0.0,Yes,1.0,0.0,0
4.0,Yes,1.0,0.0,Yes,6.268862911795962,2.0,1
8.0,Yes,0.0,3.0,Yes,5.0,2.0,1
5.0,Yes,3.0,2.0,Yes,5.0,1.0,1
1.0,No,6.0,5.0,No,15.0,4.0,0
7.0,Yes,1.0,0.0,Yes,2.0,0.0,1
3.0,No,6.0,5.0,No,14.0,5.0,0
7.0,Yes,2.0,1.0,Yes,4.0,0.0,1
1.0,No,8.0,6.0,No,10.0,4.0,0
3.0,No,9.0,4.0,No,13.0,9.0,0
0.0,No,8.0,5.0,No,15.0,9.0,0
9.0,Yes,2.0,2.0,Yes,1.0,0.0,1
5.0,Yes,0.0,1.0,Yes,5.0,2.0,1
8.0,Yes,1.0,0.0,Yes,3.0,1.0,1
2.0,No,5.0,5.0,No,11.0,7.0,0
10.0,Yes,2.0,0.0,Yes,2.0,0.0,0
0.0,No,6.0,4.0,No,10.0,7.0,0
0.0,No,6.0,5.0,No,12.0,9.0,0
1.0,No,7.0,3.0,No,8.0,5.0,0
8.0,Yes,2.0,0.0,Yes,5.0,2.0,1
3.0,No,4.0,6.0,No,9.0,3.0,0
10.0,Yes,2.0,2.0,Yes,2.0,0.0,1
9.0,Yes,3.0,0.0,Yes,5.0,0.0,1
1.0,No,6.0,6.0,No,12.0,3.0,0
4.0,Yes,1.0,0.0,Yes,1.0,1.0,1
9.0,Yes,3.0,1.0,Yes,1.0,0.0,1
2.0,No,6.0,4.0,No,9.0,5.0,0
4.0,Yes,1.0,1.0,Yes,5.0,2.0,1
1.0,No,7.0,4.0,No,15.0,6.0,0
10.0,Yes,0.0,2.0,Yes,3.0,2.0,1
4.0,Yes,3.0,0.0,Yes,4.0,1.0,1
4.0,Yes,1.0,2.0,Yes,2.0,1.0,1
11.0,Yes,3.0,2.0,Yes,5.0,0.0,1
0.0,No,4.0,6.0,No,10.0,4.0,0
1.0,No,8.0,7.0,No,9.0,5.0,1
4.505816002819881,No,5.0,5.0,No,6.0,9.0,0
0.0,No,6.0,5.0,No,7.0,9.0,0
9.0,Yes,1.0,2.0,Yes,1.0,2.0,0
3.0,No,4.0,3.0,No,7.0,5.0,0
2.0,No,9.0,5.0,No,12.0,8.0,0
2.0,No,6.0,7.0,No,11.0,6.0,1
4.0,Yes,3.963354474982382,2.0,Yes,6.268862911795962,0.0,1
9.0,Yes,0.0,0.0,No,2.0,2.0,1
1.0,No,6.0,6.0,No,6.268862911795962,7.0,0
9.0,Yes,2.0,1.0,Yes,4.0,2.0,1
3.0,No,8.0,4.0,No,12.0,6.0,0
2.0,No,9.0,3.0,No,14.0,7.0,0
2.0,No,8.0,5.0,No,10.0,5.0,1
2.0,No,6.0,5.0,No,15.0,4.0,0
10.0,Yes,2.0,0.0,Yes,5.0,0.0,1
10.0,Yes,2.0,2.0,Yes,5.0,1.0,1
3.0,No,6.0,5.0,No,12.0,5.0,0
1.0,No,5.0,6.0,No,8.0,5.0,0
1.0,No,6.0,3.0,No,9.0,7.0,0
4.0,Yes,2.0,0.0,Yes,2.0,0.0,1
8.0,Yes,0.0,2.0,Yes,4.0,0.0,1
9.0,Yes,2.0,2.0,Yes,3.0,0.0,0
0.0,No,5.0,3.0,No,14.0,4.0,0
0.0,No,9.0,5.0,No,13.0,7.0,0
1.0,No,7.0,7.0,No,9.0,5.0,1
1.0,No,6.0,5.0,No,9.0,5.0,0
4.0,Yes,3.0,2.0,No,2.0,0.0,1
7.0,Yes,0.0,0.0,No,3.0,1.0,1
0.0,No,7.0,3.0,No,5.0,6.0,0
9.0,Yes,2.0,1.0,Yes,1.0,1.0,1
4.505816002819881,No,6.0,5.0,No,7.0,3.0,0
11.0,Yes,1.0,3.0,Yes,1.0,0.0,1
5.0,Yes,2.0,0.0,Yes,2.0,2.0,1
1.0,No,5.0,3.0,No,10.0,7.0,0
1.0,No,9.0,6.0,No,13.0,5.0,0
2.0,No,5.0,4.0,No,13.0,6.0,0
1.0,No,7.0,6.0,No,8.0,7.0,0
0.0,No,7.0,5.0,No,12.0,3.0,0
0.0,No,4.0,4.0,No,8.0,3.0,0
3.0,No,6.0,3.0,No,8.0,7.0,0
10.0,Yes,0.0,2.0,Yes,2.0,2.0,1
1.0,No,8.0,3.0,No,8.0,4.0,0
8.0,Yes,1.0,0.0,Yes,1.0,2.0,1
3.0,No,9.0,6.0,No,13.0,8.0,0
0.0,No,6.0,5.0,No,9.0,7.0,0
2.0,No,7.0,5.0,No,12.0,6.0,1
1.0,No,7.0,6.0,No,13.0,6.0,0
9.0,Yes,1.0,2.0,Yes,1.0,2.0,0
10.0,Yes,2.0,2.0,Yes,5.0,2.0,1
0.0,No,9.0,4.0,No,6.268862911795962,7.0,0
2.0,No,4.0,5.0,No,6.268862911795962,6.0,0
7.0,Yes,2.0,0.0,Yes,5.0,1.0,1
0.0,No,8.0,4.0,No,11.0,6.0,0
5.0,No,2.0,1.0,Yes,3.0,1.0,1
2.0,No,5.0,5.0,No,10.0,6.0,0
3.0,No,8.0,5.0,No,10.0,5.0,0
3.0,No,6.0,4.0,No,12.0,3.0,0
3.0,No,4.0,6.0,No,11.0,5.0,0
2.0,No,9.0,3.0,No,7.0,8.0,0
3.0,No,9.0,5.0,No,5.0,3.0,0
11.0,Yes,2.0,1.0,Yes,3.0,1.0,1
3.0,No,7.0,5.0,No,14.0,3.0,0
10.0,Yes,3.963354474982382,0.0,Yes,6.268862911795962,3.564726631393298,1
1.0,No,7.0,3.0,No,10.0,3.564726631393298,0
4.505816002819881,Yes,1.0,0.0,Yes,1.0,2.0,1
4.0,Yes,1.0,2.0,Yes,2.0,2.0,1
6.0,Yes,1.0,1.0,Yes,6.268862911795962,2.0,1
2.0,No,9.0,3.0,No,7.0,4.0,0
11.0,Yes,0.0,1.0,Yes,3.0,2.0,1
3.0,No,9.0,5.0,No,11.0,3.0,0
8.0,Yes,0.0,0.0,Yes,4.0,2.0,1
6.0,Yes,2.0,1.0,Yes,5.0,2.0,1
2.0,No,4.0,5.0,No,10.0,9.0,0
3.0,No,4.0,5.0,No,15.0,4.0,0
8.0,Yes,0.0,1.0,Yes,4.0,0.0,1
0.0,No,6.0,5.0,No,5.0,5.0,0
3.0,No,8.0,6.0,No,7.0,6.0,0
2.0,No,3.963354474982382,5.0,No,8.0,8.0,0
10.0,Yes,3.0,0.0,Yes,6.268862911795962,2.0,1
2.0,No,9.0,6.0,No,10.0,6.0,1
1.0,No,9.0,4.0,No,10.0,5.0,0
4.505816002819881,Yes,1.0,2.0,Yes,3.0,1.0,1
2.0,No,8.0,3.0,No,6.0,7.0,0
3.0,No,9.0,6.0,No,5.0,7.0,0
0.0,No,5.0,4.0,No,13.0,7.0,0
1.0,No,5.0,4.0,No,11.0,7.0,0
2.0,No,8.0,3.0,No,10.0,8.0,0
0.0,No,6.0,6.0,No,13.0,6.0,1
0.0,No,9.0,3.0,No,12.0,8.0,0
0.0,No,9.0,5.0,No,14.0,9.0,1
1.0,No,6.0,3.0,No,6.0,4.0,0
3.0,No,4.0,5.0,No,5.0,4.0,0
2.0,No,5.0,6.0,No,9.0,9.0,0
1.0,No,9.0,4.0,No,5.0,9.0,0
0.0,No,8.0,3.0,No,8.0,3.564726631393298,0
4.0,Yes,0.0,0.0,Yes,5.0,1.0,1
4.0,Yes,1.0,0.0,Yes,3.0,1.0,1
3.0,No,9.0,4.0,No,6.0,9.0,0
8.0,Yes,1.0,2.0,Yes,1.0,1.0,1
10.0,Yes,0.0,2.0,Yes,1.0,0.0,1
11.0,Yes,3.0,0.0,Yes,2.0,2.0,1
6.0,Yes,2.0,0.0,Yes,6.268862911795962,1.0,1
4.0,Yes,2.0,1.0,Yes,2.0,2.0,1
5.0,Yes,1.0,0.0,Yes,5.0,1.0,1
9.0,Yes,0.0,0.0,Yes,5.0,2.0,1
10.0,Yes,0.0,1.0,Yes,1.0,2.0,1
1.0,No,9.0,5.0,No,14.0,4.0,0
5.0,Yes,3.963354474982382,2.0,Yes,2.0,1.0,1
10.0,Yes,3.0,1.0,Yes,2.0,0.0,1
3.0,No,9.0,3.0,No,8.0,4.0,0
0.0,No,8.0,7.0,No,13.0,9.0,1
0.0,No,6.0,5.0,No,14.0,5.0,0
3.0,No,6.0,4.0,No,8.0,5.0,0
9.0,Yes,3.0,0.0,Yes,1.0,0.0,1
11.0,Yes,3.0,2.0,Yes,3.0,1.0,1
8.0,Yes,1.0,0.0,Yes,1.0,0.0,0
1.0,No,8.0,4.0,No,15.0,6.0,0
9.0,Yes,0.0,2.0,Yes,1.0,1.0,1
11.0,Yes,1.0,2.0,Yes,3.0,1.0,0
5.0,Yes,0.0,1.0,Yes,1.0,2.0,1
1.0,No,9.0,5.0,No,12.0,9.0,0
4.505816002819881,Yes,0.0,1.0,Yes,3.0,1.0,1
0.0,No,4.0,6.0,No,9.0,7.0,0
1.0,No,8.0,3.0,No,7.0,3.0,0
2.0,No,8.0,3.0,No,15.0,7.0,0
1.0,No,5.0,6.0,No,5.0,6.0,0
5.0,Yes,3.0,2.0,Yes,1.0,0.0,1
6.0,Yes,2.0,2.0,Yes,4.0,0.0,1
4.505816002819881,Yes,3.0,2.0,Yes,2.0,1.0,1
8.0,Yes,3.0,1.0,Yes,3.0,3.564726631393298,1
1.0,No,5.0,3.0,No,5.0,7.0,0
2.0,No,9.0,6.0,No,8.0,6.0,1
9.0,Yes,2.0,0.0,Yes,2.0,1.0,1
2.0,No,5.0,4.0,No,5.0,9.0,0
4.505816002819881,No,5.0,3.0,No,11.0,9.0,0
3.0,No,6.0,4.0,No,5.0,3.564726631393298,0
3.0,No,8.0,5.0,No,15.0,3.0,0
8.0,Yes,0.0,1.0,Yes,2.0,0.0,1
0.0,No,9.0,5.0,No,11.0,5.0,1
2.0,No,6.0,5.0,No,6.0,3.0,0
0.0,No,4.0,5.0,No,11.0,5.0,0
5.0,Yes,3.0,2.0,Yes,2.0,2.0,1
2.0,No,4.0,3.0,No,8.0,8.0,0
10.0,Yes,1.0,2.0,Yes,2.0,1.0,1
9.0,Yes,3.0,0.0,Yes,4.0,0.0,1
0.0,No,5.0,5.0,No,14.0,5.0,0
3.0,No,7.0,6.0,No,13.0,9.0,0
1.0,No,6.0,6.0,No,5.0,8.0,0
6.0,No,3.963354474982382,1.0,Yes,2.0,2.0,1
3.0,No,5.0,5.0,No,13.0,9.0,0
7.0,Yes,1.0,2.0,Yes,2.0,0.0,1
6.0,Yes,1.0,0.0,Yes,5.0,2.0,1
0.0,No,9.0,3.0,No,12.0,8.0,0
3.0,No,4.0,3.0,No,12.0,7.0,0
9.0,Yes,2.0,1.0,Yes,4.0,0.0,0
1.0,No,4.0,6.0,No,5.0,3.0,0
0.0,No,5.0,6.0,No,12.0,4.0,0
7.0,Yes,0.0,0.0,Yes,1.0,1.0,0
8.0,No,3.0,3.0,Yes,5.0,0.0,1
4.505816002819881,Yes,1.0,0.0,No,5.0,1.0,1
4.0,Yes,0.0,1.0,Yes,1.0,0.0,1
10.0,Yes,3.0,1.0,Yes,3.0,2.0,1
2.0,No,7.0,3.0,No,15.0,9.0,0
9.0,Yes,1.0,1.0,Yes,1.0,0.0,0
7.0,Yes,1.0,0.0,Yes,2.0,1.0,1
9.0,Yes,3.0,0.0,Yes,2.0,0.0,1
2.0,No,5.0,3.0,No,14.0,5.0,0
4.0,Yes,3.0,0.0,Yes,4.0,0.0,1
3.0,No,6.0,3.0,No,5.0,9.0,0
1.0,No,6.0,3.0,No,8.0,6.0,0
0.0,No,9.0,5.0,No,8.0,7.0,0
1.0,No,9.0,3.0,No,5.0,3.0,0
1.0,No,9.0,6.0,No,14.0,7.0,0
4.505816002819881,Yes,3.0,1.0,Yes,4.0,2.0,1
0.0,No,9.0,5.0,No,14.0,4.0,0
1.0,No,4.0,4.0,No,13.0,7.0,0
7.0,Yes,2.0,2.0,Yes,4.0,0.0,1
1.0,No,6.0,4.0,No,5.0,6.0,0
1.0,No,7.0,3.0,No,12.0,8.0,0
1.0,No,7.0,4.0,No,9.0,6.0,0
3.0,No,7.0,6.0,No,6.0,4.0,0
0.0,No,8.0,5.0,No,5.0,8.0,0
3.0,No,7.0,4.0,No,8.0,6.0,0
2.0,No,9.0,5.0,No,11.0,6.0,0
3.0,No,5.0,6.0,No,8.0,8.0,0
3.0,No,6.0,4.0,No,10.0,7.0,0
7.0,Yes,1.0,0.0,Yes,2.0,1.0,0
9.0,Yes,2.0,2.0,Yes,1.0,0.0,0
11.0,Yes,2.0,2.0,Yes,4.0,2.0,1
0.0,No,3.963354474982382,3.0,No,11.0,5.0,0
8.0,Yes,2.0,2.0,Yes,2.0,0.0,0
8.0,Yes,2.0,0.0,Yes,5.0,0.0,1
2.0,No,6.0,3.0,No,10.0,3.0,0
5.0,Yes,0.0,0.0,Yes,1.0,2.0,1
1.0,No,6.0,5.0,No,12.0,6.0,1
2.0,No,9.0,5.0,No,14.0,6.0,0
9.0,Yes,3.0,2.0,No,2.0,0.0,1
1.0,No,5.0,3.0,No,5.0,5.0,0
1.0,No,6.0,3.0,No,11.0,6.0,0
1.0,No,8.0,4.0,No,14.0,7.0,0
9.0,Yes,0.0,1.0,Yes,5.0,2.0,1
5.0,Yes,3.0,0.0,Yes,2.0,1.0,1
11.0,Yes,0.0,2.0,Yes,3.0,2.0,0
0.0,No,7.0,3.0,No,6.0,4.0,0
2.0,No,7.0,3.0,No,8.0,4.0,0
8.0,Yes,3.0,0.0,Yes,2.0,0.0,1
1.0,No,9.0,4.0,No,9.0,8.0,0
0.0,No,7.0,4.0,No,11.0,6.0,0
3.0,No,4.0,3.0,No,14.0,8.0,0
9.0,Yes,1.0,0.0,Yes,4.0,1.0,1
3.0,No,5.0,5.0,No,14.0,8.0,0
0.0,No,6.0,4.0,No,6.268862911795962,5.0,0
1.0,No,8.0,6.0,No,10.0,7.0,0
4.0,Yes,1.0,2.0,Yes,1.0,2.0,1
1.0,No,7.0,3.0,No,8.0,6.0,0
3.0,No,5.0,5.0,No,14.0,8.0,0
4.0,Yes,3.0,1.0,Yes,2.0,1.0,1
0.0,No,6.0,5.0,No,6.0,3.0,0
3.0,No,9.0,5.0,No,11.0,3.0,0
8.0,Yes,1.0,1.0,Yes,1.0,0.0,1
5.0,Yes,3.0,2.0,Yes,3.0,1.0,1
0.0,No,9.0,4.0,No,12.0,3.564726631393298,0
9.0,Yes,3.0,0.0,Yes,2.0,2.0,1
3.0,No,4.0,5.0,No,6.0,4.0,0
2.0,No,8.0,5.0,No,13.0,7.0,1
3.0,No,5.0,5.0,No,6.0,7.0,0
9.0,Yes,2.0,1.0,Yes,3.0,3.564726631393298,1
3.0,No,4.0,6.0,No,12.0,4.0,0
0.0,No,4.0,6.0,No,6.0,3.0,0
3.0,No,8.0,4.0,No,10.0,7.0,0
2.0,No,8.0,5.0,No,14.0,5.0,0
1.0,No,7.0,5.0,No,9.0,7.0,1
2.0,No,7.0,6.0,No,6.0,7.0,0
8.0,Yes,1.0,1.0,Yes,5.0,2.0,1
5.0,Yes,1.0,2.0,Yes,4.0,0.0,1
11.0,Yes,2.0,0.0,Yes,5.0,0.0,1
2.0,No,5.0,6.0,No,13.0,7.0,0
1.0,No,5.0,5.0,No,14.0,9.0,0
2.0,No,7.0,6.0,No,7.0,9.0,0
10.0,Yes,3.0,0.0,Yes,1.0,2.0,1
7.0,Yes,1.0,0.0,Yes,5.0,2.0,1
0.0,No,8.0,6.0,No,5.0,5.0,0
10.0,Yes,3.0,0.0,Yes,3.0,1.0,1
8.0,Yes,2.0,2.0,Yes,5.0,1.0,1
4.0,Yes,3.0,1.0,Yes,5.0,0.0,1
3.0,No,4.0,6.0,No,9.0,3.564726631393298,0
3.0,No,9.0,6.0,No,12.0,5.0,0
8.0,Yes,3.963354474982382,1.0,Yes,2.0,0.0,1
10.0,Yes,1.0,0.0,Yes,2.0,1.0,1
2.0,No,5.0,4.0,No,8.0,7.0,0
0.0,No,4.0,6.0,No,9.0,5.0,0
5.0,Yes,2.0,0.0,Yes,5.0,0.0,1
2.0,No,9.0,5.0,No,14.0,6.0,0
9.0,Yes,3.0,2.0,No,2.0,0.0,1
10.0,Yes,3.0,1.0,Yes,4.0,3.564726631393298,1
2.0,No,4.0,3.0,No,9.0,4.0,0
6.0,Yes,2.0,1.0,Yes,1.0,2.0,1
1.0,No,4.0,4.0,No,8.0,7.0,0
4.0,Yes,2.0,0.0,Yes,2.0,2.0,1
7.0,Yes,1.0,0.0,Yes,6.268862911795962,1.0,1
0.0,No,5.0,3.0,No,15.0,5.0,0
11.0,No,2.0,1.0,Yes,2.0,1.0,1
2.0,No,5.0,3.0,No,10.0,9.0,0
9.0,Yes,3.963354474982382,0.0,Yes,3.0,0.0,1
7.0,Yes,2.0,2.0,Yes,2.0,0.0,1
11.0,Yes,3.0,2.0,Yes,3.0,2.0,1
1.0,No,4.0,6.0,No,6.268862911795962,3.0,0
10.0,No,0.0,2.0,Yes,3.0,1.0,1
3.0,No,9.0,6.0,No,7.0,8.0,0
0.0,No,9.0,4.0,No,6.268862911795962,4.0,0
2.0,No,7.0,3.0,No,11.0,7.0,0
1.0,No,7.0,7.0,No,10.0,9.0,1
1.0,No,9.0,3.0,No,8.0,9.0,0
2.0,No,7.0,6.0,No,9.0,7.0,0
2.0,No,4.0,4.0,No,9.0,7.0,0
2.0,No,9.0,3.0,No,6.0,8.0,0
1.0,No,3.963354474982382,6.0,No,8.0,6.0,0
2.0,No,8.0,6.0,No,11.0,3.0,0
1.0,No,8.0,6.0,No,12.0,7.0,1
8.0,Yes,2.0,1.0,Yes,2.0,0.0,1
10.0,Yes,0.0,1.0,Yes,3.0,1.0,0
1.0,No,6.0,6.0,No,7.0,7.0,0
3.0,No,4.0,6.0,No,5.0,9.0,0
8.0,Yes,2.0,0.0,Yes,4.0,1.0,0
4.0,Yes,0.0,0.0,Yes,2.0,0.0,1
9.0,Yes,2.0,0.0,Yes,3.0,2.0,1
2.0,No,7.0,4.0,No,5.0,7.0,0
9.0,Yes,3.0,0.0,Yes,5.0,2.0,1
4.0,Yes,3.0,1.0,Yes,4.0,1.0,1
2.0,No,9.0,3.0,No,5.0,9.0,0
5.0,Yes,2.0,0.0,Yes,4.0,3.564726631393298,1
3.0,No,9.0,5.0,No,8.0,3.564726631393298,0
9.0,No,1.0,0.0,Yes,4.0,0.0,1
3.0,No,8.0,4.0,No,10.0,3.0,0
8.0,Yes,2.0,0.0,Yes,1.0,0.0,1
6.0,Yes,1.0,3.0,Yes,3.0,0.0,1
11.0,Yes,2.0,0.0,Yes,5.0,1.0,1
8.0,Yes,2.0,0.0,Yes,2.0,0.0,1
11.0,Yes,2.0,2.0,Yes,3.0,0.0,1
0.0,No,4.0,5.0,No,13.0,3.0,0
0.0,No,5.0,5.0,No,7.0,9.0,0
9.0,Yes,2.0,1.0,Yes,2.0,2.0,1
3.0,No,4.0,3.0,No,15.0,9.0,0
1.0,No,9.0,6.0,No,7.0,3.0,0
0.0,No,5.0,3.0,No,6.268862911795962,5.0,0
10.0,Yes,0.0,2.0,Yes,4.0,0.0,1
3.0,No,9.0,3.0,No,9.0,8.0,0
7.0,Yes,3.0,0.0,Yes,1.0,2.0,1
11.0,Yes,1.0,0.0,Yes,2.0,1.0,1
8.0,Yes,1.0,0.0,Yes,3.0,1.0,0
2.0,No,9.0,7.0,No,14.0,5.0,1
0.0,No,4.0,5.0,No,13.0,9.0,0
3.0,No,7.0,3.0,No,7.0,8.0,0
2.0,No,6.0,3.0,No,8.0,3.0,0
0.0,No,4.0,3.0,No,5.0,4.0,0
10.0,Yes,2.0,3.0,Yes,4.0,1.0,1
5.0,Yes,3.0,1.0,Yes,3.0,1.0,1
2.0,No,4.0,3.0,No,6.0,6.0,0
11.0,Yes,1.0,2.0,Yes,2.0,2.0,1
0.0,No,6.0,5.0,No,13.0,8.0,1
4.0,Yes,2.0,0.0,Yes,3.0,2.0,1
5.0,Yes,0.0,1.0,Yes,4.0,1.0,1
7.0,Yes,2.0,0.0,Yes,4.0,1.0,1
6.0,Yes,1.0,1.0,Yes,4.0,0.0,1
1.0,No,7.0,5.0,No,12.0,3.0,0
0.0,No,4.0,5.0,No,14.0,7.0,0
3.0,No,5.0,4.0,No,10.0,6.0,0
7.0,Yes,3.963354474982382,1.0,Yes,2.0,1.0,1
10.0,Yes,1.0,1.0,Yes,1.0,2.0,1
9.0,Yes,0.0,2.0,Yes,3.0,3.564726631393298,1
2.0,No,5.0,4.0,No,6.0,8.0,0
0.0,No,5.0,5.0,No,6.0,6.0,0
10.0,Yes,1.0,1.0,Yes,2.0,0.0,1
1.0,No,6.0,5.0,No,10.0,8.0,0
5.0,Yes,2.0,2.0,Yes,5.0,0.0,1
3.0,No,4.0,5.0,No,12.0,4.0,0
3.0,No,3.963354474982382,5.0,No,12.0,3.0,0
4.505816002819881,No,9.0,5.0,No,9.0,4.0,0
0.0,No,6.0,3.0,No,7.0,7.0,0
3.0,No,9.0,6.0,No,12.0,5.0,0
6.0,Yes,2.0,0.0,Yes,5.0,1.0,1
2.0,No,7.0,3.0,No,12.0,7.0,0
7.0,Yes,1.0,1.0,Yes,5.0,2.0,1
4.505816002819881,No,4.0,6.0,No,12.0,3.0,0
2.0,No,4.0,3.0,No,6.268862911795962,3.0,0
0.0,No,7.0,4.0,No,8.0,3.564726631393298,0
6.0,Yes,2.0,1.0,Yes,3.0,2.0,1
4.505816002819881,No,6.0,6.0,No,14.0,6.0,0
3.0,No,8.0,6.0,No,11.0,9.0,0
0.0,No,4.0,3.0,No,9.0,7.0,0
7.0,Yes,0.0,1.0,Yes,1.0,0.0,1
11.0,Yes,1.0,0.0,Yes,3.0,2.0,1
11.0,Yes,0.0,1.0,Yes,3.0,1.0,1
10.0,Yes,0.0,1.0,Yes,2.0,1.0,1
2.0,No,6.0,3.0,No,11.0,7.0,0
5.0,Yes,1.0,0.0,Yes,4.0,0.0,1
1.0,No,5.0,6.0,No,13.0,6.0,0
10.0,Yes,2.0,0.0,Yes,6.268862911795962,2.0,1
9.0,Yes,0.0,2.0,Yes,3.0,1.0,1
1.0,No,9.0,4.0,No,10.0,6.0,0
0.0,No,7.0,3.0,No,12.0,7.0,0
0.0,No,7.0,3.0,No,10.0,4.0,0
2.0,No,8.0,5.0,No,6.0,8.0,0
1.0,No,8.0,3.0,No,7.0,9.0,0
11.0,Yes,1.0,2.0,Yes,2.0,2.0,1
3.0,No,7.0,4.0,No,11.0,3.0,0
3.0,No,3.963354474982382,4.0,No,7.0,4.0,0
3.0,No,5.0,4.0,No,13.0,5.0,0
8.0,Yes,2.0,0.0,Yes,5.0,0.0,1
2.0,No,9.0,4.0,No,15.0,4.0,0
11.0,Yes,2.0,1.0,Yes,5.0,3.564726631393298,1
9.0,Yes,0.0,2.0,Yes,4.0,1.0,1
8.0,Yes,2.0,1.0,Yes,3.0,0.0,1
11.0,Yes,0.0,1.0,Yes,5.0,1.0,1
2.0,No,7.0,4.0,No,7.0,7.0,0
3.0,No,3.963354474982382,3.0,No,10.0,4.0,0
2.0,No,6.0,3.0,No,9.0,9.0,0
10.0,Yes,1.0,1.0,Yes,2.0,2.0,1
7.0,Yes,2.0,2.0,Yes,2.0,2.0,1
4.0,Yes,2.0,2.0,Yes,3.0,2.0,1
3.0,No,4.0,3.0,No,15.0,8.0,0
7.0,Yes,3.963354474982382,2.0,Yes,3.0,1.0,1
1.0,No,9.0,6.0,No,14.0,7.0,0
0.0,No,5.0,4.0,No,10.0,7.0,0
10.0,Yes,1.0,1.0,Yes,4.0,1.0,1
0.0,No,4.0,5.0,No,10.0,3.0,0
8.0,Yes,2.0,0.0,Yes,4.0,0.0,0
0.0,No,8.0,4.0,No,10.0,9.0,0
3.0,No,5.0,6.0,No,9.0,3.564726631393298,0
10.0,Yes,2.0,0.0,Yes,5.0,3.564726631393298,1
7.0,Yes,2.0,2.0,Yes,5.0,2.0,1
2.0,No,8.0,4.0,No,10.0,5.0,0
1.0,No,5.0,4.0,No,15.0,8.0,0
9.0,Yes,0.0,2.0,Yes,1.0,0.0,1
2.0,No,9.0,3.0,No,12.0,5.0,0
1.0,No,8.0,6.0,No,12.0,6.0,0
3.0,No,5.0,4.0,No,6.0,3.0,0
8.0,Yes,3.0,0.0,Yes,2.0,1.0,1
0.0,No,9.0,6.0,No,8.0,6.0,0
0.0,No,9.0,3.0,No,6.268862911795962,9.0,0
10.0,Yes,0.0,0.0,Yes,4.0,1.0,1
10.0,Yes,1.0,0.0,Yes,1.0,0.0,1
0.0,No,4.0,5.0,No,15.0,7.0,0
5.0,Yes,0.0,2.0,Yes,1.0,2.0,1
4.505816002819881,No,7.0,6.0,No,11.0,7.0,0
11.0,Yes,2.0,2.0,Yes,2.0,1.0,0
4.0,Yes,2.0,1.0,Yes,2.0,0.0,1
0.0,No,8.0,5.0,No,5.0,9.0,0
5.0,Yes,1.0,0.0,Yes,5.0,2.0,1
1.0,No,8.0,4.0,No,10.0,7.0,0
5.0,Yes,1.0,1.0,Yes,2.0,2.0,1
11.0,Yes,2.0,0.0,Yes,1.0,0.0,0
10.0,Yes,3.0,0.0,Yes,1.0,0.0,1
6.0,Yes,0.0,0.0,Yes,4.0,0.0,1
1.0,No,4.0,5.0,No,7.0,8.0,0
10.0,Yes,2.0,1.0,Yes,4.0,0.0,1
1.0,No,8.0,3.0,No,12.0,9.0,0
5.0,Yes,2.0,2.0,No,1.0,2.0,1
1.0,No,4.0,3.0,No,15.0,3.0,0
4.505816002819881,No,1.0,2.0,Yes,4.0,2.0,1
0.0,No,6.0,3.0,No,14.0,5.0,0
5.0,Yes,1.0,2.0,Yes,1.0,1.0,1
5.0,Yes,2.0,2.0,Yes,3.0,2.0,1
6.0,Yes,3.0,2.0,Yes,1.0,1.0,1
4.0,Yes,0.0,2.0,Yes,2.0,0.0,1
2.0,No,7.0,6.0,No,6.0,7.0,0
7.0,Yes,3.963354474982382,0.0,Yes,1.0,2.0,1
3.0,No,9.0,4.0,No,8.0,3.0,0
10.0,Yes,0.0,1.0,Yes,3.0,0.0,1
8.0,Yes,3.0,2.0,Yes,3.0,0.0,1
3.0,No,8.0,3.0,No,8.0,6.0,0
3.0,No,7.0,6.0,No,9.0,4.0,0
5.0,Yes,3.0,0.0,Yes,2.0,1.0,1
5.0,Yes,0.0,2.0,Yes,5.0,1.0,1
5.0,Yes,0.0,0.0,Yes,4.0,2.0,1
2.0,No,4.0,5.0,No,5.0,7.0,0
1.0,No,7.0,6.0,No,15.0,3.0,0
7.0,Yes,2.0,1.0,Yes,1.0,0.0,0
2.0,No,7.0,4.0,No,7.0,3.0,0
2.0,No,6.0,3.0,No,6.0,6.0,0
3.0,No,8.0,5.0,No,11.0,6.0,0
2.0,No,8.0,3.0,No,14.0,4.0,0
11.0,Yes,1.0,2.0,Yes,1.0,0.0,1
8.0,Yes,1.0,0.0,Yes,1.0,0.0,1
7.0,Yes,3.0,1.0,No,1.0,1.0,1
2.0,No,7.0,7.0,No,9.0,8.0,1
0.0,No,9.0,6.0,No,14.0,7.0,0
2.0,No,8.0,6.0,No,6.0,4.0,0
4.0,Yes,0.0,2.0,Yes,3.0,1.0,1
6.0,Yes,2.0,1.0,Yes,2.0,1.0,1
8.0,Yes,1.0,1.0,Yes,2.0,2.0,1
3.0,No,5.0,6.0,No,13.0,3.0,0
9.0,Yes,0.0,2.0,Yes,1.0,0.0,1
3.0,No,7.0,4.0,No,9.0,8.0,0
8.0,Yes,2.0,0.0,Yes,1.0,1.0,1
11.0,Yes,0.0,1.0,Yes,3.0,1.0,1
1.0,No,7.0,3.0,No,7.0,4.0,0
10.0,Yes,2.0,2.0,Yes,1.0,0.0,0
5.0,Yes,1.0,2.0,Yes,4.0,0.0,1
2.0,No,8.0,5.0,No,7.0,9.0,0
2.0,No,4.0,4.0,No,10.0,3.0,0
3.0,No,7.0,5.0,No,6.0,4.0,0
8.0,Yes,1.0,0.0,Yes,2.0,1.0,1
3.0,No,5.0,6.0,No,12.0,5.0,0
2.0,No,4.0,4.0,No,9.0,8.0,0
11.0,Yes,0.0,0.0,Yes,3.0,2.0,0
8.0,Yes,2.0,1.0,Yes,1.0,1.0,1
1.0,No,8.0,5.0,No,11.0,8.0,1
4.0,Yes,1.0,0.0,Yes,4.0,1.0,1
2.0,No,5.0,4.0,No,6.0,7.0,0
7.0,Yes,3.0,1.0,Yes,6.268862911795962,1.0,1
7.0,Yes,2.0,2.0,Yes,1.0,1.0,0
2.0,No,8.0,6.0,No,12.0,4.0,0
4.0,Yes,2.0,0.0,Yes,3.0,0.0,1
2.0,No,8.0,5.0,No,12.0,5.0,0
10.0,Yes,2.0,1.0,Yes,3.0,1.0,1
11.0,Yes,1.0,0.0,Yes,3.0,2.0,0
4.0,Yes,0.0,2.0,Yes,5.0,2.0,1
0.0,No,5.0,6.0,No,12.0,7.0,0
1.0,No,7.0,3.0,No,9.0,3.0,0
1.0,No,8.0,4.0,No,5.0,5.0,0
2.0,No,4.0,5.0,No,6.0,4.0,0
0.0,No,9.0,3.0,No,11.0,3.0,0
1.0,No,4.0,3.0,No,10.0,4.0,0
10.0,Yes,2.0,0.0,Yes,3.0,1.0,0
1.0,No,5.0,5.0,No,13.0,6.0,0
5.0,Yes,0.0,2.0,Yes,5.0,1.0,1
1.0,No,9.0,4.0,No,10.0,8.0,0
1.0,No,7.0,5.0,No,10.0,5.0,0
2.0,No,5.0,3.0,No,9.0,3.0,0
1.0,No,9.0,5.0,No,11.0,8.0,1
2.0,No,7.0,4.0,No,13.0,7.0,0
5.0,Yes,2.0,1.0,Yes,2.0,2.0,1
1.0,No,6.0,5.0,No,14.0,5.0,0
9.0,Yes,2.0,0.0,Yes,3.0,2.0,1
1.0,No,4.0,6.0,No,9.0,5.0,0
2.0,No,4.0,4.0,No,8.0,7.0,0
1.0,No,6.0,7.0,No,13.0,7.0,1
3.0,No,8.0,3.0,No,6.0,7.0,0
8.0,Yes,3.0,3.0,Yes,4.0,2.0,1
2.0,No,5.0,4.0,No,7.0,8.0,0
2.0,No,7.0,5.0,No,14.0,3.0,0
2.0,No,5.0,3.0,No,7.0,4.0,0
3.0,No,5.0,4.0,No,7.0,4.0,0
0.0,No,6.0,4.0,No,13.0,3.0,0
8.0,Yes,2.0,1.0,Yes,2.0,1.0,1
4.0,Yes,1.0,2.0,Yes,5.0,0.0,1
0.0,No,8.0,5.0,No,14.0,5.0,0
1.0,No,7.0,6.0,No,5.0,9.0,0
2.0,No,5.0,6.0,No,7.0,6.0,0
2.0,No,7.0,4.0,No,12.0,8.0,0
9.0,Yes,2.0,1.0,Yes,5.0,0.0,1
0.0,No,6.0,3.0,No,7.0,5.0,0
4.0,Yes,1.0,2.0,Yes,1.0,2.0,1
1.0,No,9.0,3.0,No,7.0,6.0,0
7.0,Yes,2.0,2.0,Yes,1.0,1.0,1
11.0,Yes,0.0,2.0,Yes,3.0,1.0,1
10.0,Yes,0.0,0.0,No,2.0,0.0,1
7.0,Yes,0.0,0.0,Yes,5.0,2.0,1
0.0,No,9.0,6.0,No,6.0,3.0,0
5.0,Yes,0.0,1.0,Yes,1.0,0.0,1
6.0,Yes,0.0,0.0,Yes,3.0,0.0,1
8.0,Yes,2.0,0.0,Yes,1.0,2.0,1
6.0,Yes,3.0,1.0,Yes,5.0,1.0,1
9.0,Yes,2.0,0.0,Yes,1.0,2.0,1
9.0,No,2.0,0.0,Yes,4.0,2.0,1
0.0,No,9.0,3.0,No,12.0,3.564726631393298,0
3.0,No,7.0,6.0,No,6.0,6.0,0
3.0,No,8.0,3.0,No,14.0,9.0,0
4.0,Yes,1.0,1.0,Yes,4.0,0.0,1
11.0,Yes,1.0,3.0,Yes,2.0,0.0,1
3.0,No,6.0,6.0,No,6.0,9.0,0
